timestamp,open,high,low,close
2025-09-16 19:12:50,53.89,56.11,53.86,56.01
2025-09-16 20:00:00,56.0,58.13,55.55,56.56
2025-09-17 00:00:00,56.55,56.92,53.72,54.9
2025-09-17 04:00:00,54.93,55.54,53.25,54.46
2025-09-17 08:00:00,54.46,54.92,52.23,52.98
2025-09-17 12:00:00,52.97,54.37,52.12,53.76
2025-09-17 16:00:00,53.75,55.43,53.22,53.45
2025-09-17 20:00:00,53.43,56.99,52.31,55.23
2025-09-18 00:00:00,55.21,56.62,53.21,53.24
2025-09-18 04:00:00,53.24,54.2,50.7,51.42
2025-09-18 08:00:00,51.42,52.35,50.13,50.95
2025-09-18 12:00:00,50.96,51.3,47.23,47.32
2025-09-18 16:00:00,47.34,48.72,46.4,48.33
2025-09-18 20:00:00,48.34,49.1,47.12,47.99
2025-09-19 00:00:00,47.98,52.02,47.21,51.98
2025-09-19 04:00:00,51.97,53.1,51.23,52.22
2025-09-19 08:00:00,52.22,54.45,50.96,51.02
2025-09-19 12:00:00,51.03,51.46,49.45,50.83
2025-09-19 16:00:00,50.83,51.46,48.87,49.16
2025-09-19 20:00:00,49.19,50.86,47.66,50.12
2025-09-20 00:00:00,50.13,50.99,48.53,48.87
2025-09-20 04:00:00,48.86,52.25,48.6,51.64
2025-09-20 08:00:00,51.65,51.96,49.84,50.6
2025-09-20 12:00:00,50.59,52.14,50.21,51.54
2025-09-20 16:00:00,51.53,53.92,51.53,52.73
2025-09-20 20:00:00,52.71,52.99,51.43,52.99
2025-09-21 00:00:00,52.99,56.17,52.47,55.34
2025-09-21 04:00:00,55.35,56.55,53.69,54.38
2025-09-21 08:00:00,54.38,55.32,52.63,54.3
2025-09-21 12:00:00,54.28,55.51,53.77,55.17
2025-09-21 16:00:00,55.19,55.59,53.45,53.7
2025-09-21 20:00:00,53.71,54.49,52.67,53.35
2025-09-22 00:00:00,53.37,54.2,52.05,52.69
2025-09-22 04:00:00,52.7,55.12,51.52,54.69
2025-09-22 08:00:00,54.7,56.52,53.87,55.98
2025-09-22 12:00:00,55.98,56.89,53.84,55.1
2025-09-22 16:00:00,55.09,56.37,54.11,54.49
2025-09-22 20:00:00,54.49,56.37,54.4,55.2
2025-09-23 00:00:00,55.18,57.4,54.7,56.35
2025-09-23 04:00:00,56.35,56.64,54.47,55.75
2025-09-23 08:00:00,55.75,55.83,54.14,55.38
2025-09-23 12:00:00,55.4,56.84,54.08,56.54
2025-09-23 16:00:00,56.54,60.48,56.04,60.03
2025-09-23 20:00:00,60.04,60.17,57.6,57.61
2025-09-24 00:00:00,57.62,60.82,55.92,60.44
2025-09-24 04:00:00,60.44,62.96,59.47,62.87
2025-09-24 08:00:00,62.86,65.98,62.32,65.7
2025-09-24 12:00:00,65.68,68.38,65.01,65.62
2025-09-24 16:00:00,65.6,67.08,65.34,66.46
2025-09-24 20:00:00,66.42,68.38,66.12,67.82
2025-09-25 00:00:00,67.83,70.07,66.84,69.15
2025-09-25 04:00:00,69.15,72.86,68.29,71.23
2025-09-25 08:00:00,71.21,72.22,68.23,68.78
2025-09-25 12:00:00,68.8,70.39,66.44,70.07
2025-09-25 16:00:00,70.08,71.6,69.07,70.19
2025-09-25 20:00:00,70.21,74.78,69.24,74.14
2025-09-26 00:00:00,74.15,75.44,71.53,71.78
2025-09-26 04:00:00,71.78,74.22,70.59,71.79
2025-09-26 08:00:00,71.81,72.77,68.35,69.3
2025-09-26 12:00:00,69.3,73.04,69.08,72.04
2025-09-26 16:00:00,72.06,74.57,71.21,73.6
2025-09-26 20:00:00,73.61,75.41,71.46,72.35
2025-09-27 00:00:00,72.35,74.3,70.44,74.26
2025-09-27 04:00:00,74.24,76.0,73.35,75.42
2025-09-27 08:00:00,75.43,76.15,71.42,72.49
2025-09-27 12:00:00,72.5,73.14,70.83,71.92
2025-09-27 16:00:00,71.91,78.02,71.84,76.48
2025-09-27 20:00:00,76.52,80.59,75.36,80.43
2025-09-28 00:00:00,80.42,82.94,79.2,79.33
2025-09-28 04:00:00,79.31,80.35,76.12,79.36
2025-09-28 08:00:00,79.35,80.17,74.56,76.85
2025-09-28 12:00:00,76.85,79.96,75.02,79.53
2025-09-28 16:00:00,79.5,81.56,78.48,79.48
2025-09-28 20:00:00,79.44,80.44,75.55,76.73
2025-09-29 00:00:00,76.75,78.79,76.36,76.43
2025-09-29 04:00:00,76.43,78.26,74.17,74.71
2025-09-29 08:00:00,74.72,79.7,74.68,77.86
2025-09-29 12:00:00,77.83,79.34,76.49,76.83
2025-09-29 16:00:00,76.82,78.56,75.71,77.3
2025-09-29 20:00:00,77.29,77.68,75.21,76.08
2025-09-30 00:00:00,76.13,77.56,73.15,73.83
2025-09-30 04:00:00,73.83,76.63,73.28,75.2
2025-09-30 08:00:00,75.2,76.15,73.05,73.29
2025-09-30 12:00:00,73.29,73.44,71.09,73.08
2025-09-30 16:00:00,73.08,73.88,71.87,72.64
2025-09-30 20:00:00,72.67,74.58,71.43,73.18
2025-10-01 00:00:00,73.18,74.19,70.72,71.5
2025-10-01 04:00:00,71.5,73.58,68.27,68.42
2025-10-01 08:00:00,68.44,69.69,67.29,68.57
2025-10-01 12:00:00,68.55,71.06,68.29,68.82
2025-10-01 16:00:00,68.81,70.69,66.45,67.15
2025-10-01 20:00:00,67.15,69.91,66.16,69.72
2025-10-02 00:00:00,69.71,70.88,65.82,67.07
2025-10-02 04:00:00,67.09,74.54,66.54,74.24
2025-10-02 08:00:00,74.24,75.35,72.41,73.07
2025-10-02 12:00:00,73.05,76.52,71.54,73.92
2025-10-02 16:00:00,73.92,78.47,73.34,78.1
2025-10-02 20:00:00,78.11,80.67,77.77,80.66
2025-10-03 00:00:00,80.67,81.18,78.53,79.22
2025-10-03 04:00:00,79.22,79.97,75.99,78.41
2025-10-03 08:00:00,78.42,80.46,76.74,77.35
2025-10-03 12:00:00,77.34,80.2,76.48,78.22
2025-10-03 16:00:00,78.22,79.25,75.22,78.61
2025-10-03 20:00:00,78.65,84.72,78.16,82.21
2025-10-04 00:00:00,82.23,84.38,80.6,84.18
2025-10-04 04:00:00,84.16,91.13,83.81,90.07
2025-10-04 08:00:00,90.13,91.36,86.71,88.99
2025-10-04 12:00:00,88.97,91.6,88.9,91.15
2025-10-04 16:00:00,91.17,91.91,87.4,87.91
2025-10-04 20:00:00,87.92,88.37,83.18,83.18
2025-10-05 00:00:00,83.15,87.46,82.09,85.41
2025-10-05 04:00:00,85.45,93.84,85.33,92.71
2025-10-05 08:00:00,92.7,94.59,89.86,91.48
2025-10-05 12:00:00,91.49,92.48,87.57,92.35
2025-10-05 16:00:00,92.38,93.8,89.53,90.57
2025-10-05 20:00:00,90.59,93.87,88.34,93.76
2025-10-06 00:00:00,93.83,95.49,90.03,90.3
2025-10-06 04:00:00,90.27,95.15,89.71,94.34
2025-10-06 08:00:00,94.39,96.75,92.68,96.44
2025-10-06 12:00:00,96.5,97.79,91.68,92.36
2025-10-06 16:00:00,92.38,96.3,91.86,94.34
2025-10-06 20:00:00,94.32,94.76,87.87,90.16
2025-10-07 00:00:00,90.14,94.6,89.86,94.51
2025-10-07 04:00:00,94.55,100.5,93.95,98.44
2025-10-07 08:00:00,98.44,98.82,89.51,89.94
2025-10-07 12:00:00,89.88,91.8,87.89,88.9
2025-10-07 16:00:00,88.87,89.67,86.4,87.19
2025-10-07 20:00:00,87.18,88.73,85.75,86.99
2025-10-08 00:00:00,86.99,89.4,86.67,88.15
2025-10-08 04:00:00,88.12,88.66,85.68,87.33
2025-10-08 08:00:00,87.33,92.51,87.2,89.46
2025-10-08 12:00:00,89.43,93.41,88.79,93.39
2025-10-08 16:00:00,93.38,98.22,92.84,96.18
2025-10-08 20:00:00,96.17,98.95,94.94,95.86
2025-10-09 00:00:00,95.88,98.43,94.27,96.75
2025-10-09 04:00:00,96.76,97.85,94.26,94.63
2025-10-09 08:00:00,94.63,97.83,94.42,95.4
2025-10-09 12:00:00,95.37,97.18,91.12,91.89
2025-10-09 16:00:00,91.84,94.87,90.11,91.46
2025-10-09 20:00:00,91.45,95.99,90.44,95.76
2025-10-10 00:00:00,95.72,101.49,95.35,100.67
2025-10-10 04:00:00,100.63,100.94,95.77,99.48
2025-10-10 08:00:00,99.49,101.74,97.42,98.23
2025-10-10 12:00:00,98.24,98.47,94.16,94.95
2025-10-10 16:00:00,94.94,96.25,89.98,90.0
2025-10-10 20:00:00,89.98,92.56,89.89,91.94
2025-10-11 00:00:00,91.97,93.69,90.09,90.67
2025-10-11 04:00:00,90.7,92.55,89.71,92.02
2025-10-11 08:00:00,92.05,97.31,91.49,92.95
2025-10-11 12:00:00,92.97,97.13,91.67,92.64
2025-10-11 16:00:00,92.61,95.92,90.56,91.06
2025-10-11 20:00:00,91.05,96.81,91.05,95.38
2025-10-12 00:00:00,95.39,96.71,93.09,94.06
2025-10-12 04:00:00,93.98,95.0,89.48,90.72
2025-10-12 08:00:00,90.72,91.66,85.81,89.19
2025-10-12 12:00:00,89.18,92.65,88.06,88.68
2025-10-12 16:00:00,88.62,88.97,83.33,83.62
2025-10-12 20:00:00,83.64,84.72,80.7,81.51
2025-10-13 00:00:00,81.49,83.55,80.49,81.73
2025-10-13 04:00:00,81.73,83.6,77.04,79.4
2025-10-13 08:00:00,79.39,81.44,76.86,78.35
2025-10-13 12:00:00,78.34,80.48,77.61,80.26
2025-10-13 16:00:00,80.25,82.89,79.27,82.84
2025-10-13 20:00:00,82.79,84.32,79.97,84.11
2025-10-14 00:00:00,84.09,86.42,82.69,85.44
2025-10-14 04:00:00,85.4,91.56,84.68,89.41
2025-10-14 08:00:00,89.42,91.98,89.05,90.18
2025-10-14 12:00:00,90.2,91.17,85.7,86.44
2025-10-14 16:00:00,86.46,89.04,81.16,81.29
2025-10-14 20:00:00,81.27,81.82,79.41,81.08
2025-10-15 00:00:00,81.1,82.6,79.81,79.85
2025-10-15 04:00:00,79.85,83.63,79.8,82.56
2025-10-15 08:00:00,82.58,85.53,82.55,83.49
2025-10-15 12:00:00,83.51,84.07,80.91,81.53
2025-10-15 16:00:00,81.53,84.13,80.91,82.78
2025-10-15 20:00:00,82.79,83.15,78.03,79.58
2025-10-16 00:00:00,79.59,80.12,76.48,76.69
2025-10-16 04:00:00,76.68,76.69,73.55,75.61
2025-10-16 08:00:00,75.63,76.84,74.51,76.48
2025-10-16 12:00:00,76.5,76.67,73.24,74.77
2025-10-16 16:00:00,74.75,75.43,72.24,72.55
2025-10-16 20:00:00,72.54,76.87,72.01,75.86
2025-10-17 00:00:00,75.83,77.03,73.87,74.26
2025-10-17 04:00:00,74.26,77.8,74.14,76.41
2025-10-17 08:00:00,76.42,77.99,73.39,73.39
2025-10-17 12:00:00,73.39,73.86,70.35,72.38
2025-10-17 16:00:00,72.38,73.26,68.63,69.43
2025-10-17 20:00:00,69.42,73.4,68.41,73.37
2025-10-18 00:00:00,73.34,81.23,72.59,81.13
2025-10-18 04:00:00,81.15,86.34,81.03,85.44
2025-10-18 08:00:00,85.4,86.28,82.13,83.04
2025-10-18 12:00:00,83.06,83.38,79.75,82.2
2025-10-18 16:00:00,82.21,82.95,80.25,81.46
2025-10-18 20:00:00,81.45,81.61,77.06,77.98
2025-10-19 00:00:00,77.97,80.85,74.76,74.85
2025-10-19 04:00:00,74.83,75.64,71.74,75.64
2025-10-19 08:00:00,75.65,75.83,72.88,75.15
2025-10-19 12:00:00,75.14,76.29,73.16,73.21
2025-10-19 16:00:00,73.22,73.69,69.09,69.97
2025-10-19 20:00:00,69.96,69.98,66.2,67.97
2025-10-20 00:00:00,67.99,68.6,65.28,66.02
2025-10-20 04:00:00,66.03,68.41,65.59,67.47
2025-10-20 08:00:00,67.47,68.4,63.42,63.78
2025-10-20 12:00:00,63.78,64.56,62.3,64.09
2025-10-20 16:00:00,64.09,65.13,61.78,64.86
2025-10-20 20:00:00,64.87,66.53,63.27,63.83
2025-10-21 00:00:00,63.8,66.44,62.78,65.75
2025-10-21 04:00:00,65.74,69.15,65.63,67.94
2025-10-21 08:00:00,67.95,68.62,65.09,67.79
2025-10-21 12:00:00,67.82,69.36,66.31,69.33
2025-10-21 16:00:00,69.32,69.42,65.09,66.13
2025-10-21 20:00:00,66.13,69.84,65.71,69.47
2025-10-22 00:00:00,69.49,74.43,68.52,73.79
2025-10-22 04:00:00,73.79,75.82,73.21,74.58
2025-10-22 08:00:00,74.56,76.91,73.52,76.56
2025-10-22 12:00:00,76.57,79.13,75.17,75.35
2025-10-22 16:00:00,75.35,78.9,73.82,76.65
2025-10-22 20:00:00,76.65,77.22,73.82,74.37
2025-10-23 00:00:00,74.34,77.23,72.57,73.25
2025-10-23 04:00:00,73.24,75.03,70.67,72.25
2025-10-23 08:00:00,72.25,72.35,68.66,71.55
2025-10-23 12:00:00,71.53,73.44,68.97,70.57
2025-10-23 16:00:00,70.58,71.0,67.92,68.62
2025-10-23 20:00:00,68.62,69.43,66.59,68.07
2025-10-24 00:00:00,68.05,71.14,67.94,70.05
2025-10-24 04:00:00,70.07,73.26,69.43,71.89
2025-10-24 08:00:00,71.94,73.38,70.42,70.81
2025-10-24 12:00:00,70.79,73.94,70.31,72.91
2025-10-24 16:00:00,72.95,75.86,72.28,75.54
2025-10-24 20:00:00,75.56,75.81,72.91,74.09
2025-10-25 00:00:00,74.08,74.83,70.3,71.08
2025-10-25 04:00:00,71.08,71.62,66.59,66.8
2025-10-25 08:00:00,66.78,69.58,65.81,68.49
2025-10-25 12:00:00,68.46,71.84,67.78,71.8
2025-10-25 16:00:00,71.8,75.27,71.26,73.06
2025-10-25 20:00:00,73.02,73.86,70.26,70.96
2025-10-26 00:00:00,70.93,74.86,70.93,74.82
2025-10-26 04:00:00,74.83,78.99,74.38,78.91
2025-10-26 08:00:00,78.91,79.32,74.48,76.52
2025-10-26 12:00:00,76.53,78.14,72.66,72.81
2025-10-26 16:00:00,72.82,76.26,72.07,74.07
2025-10-26 20:00:00,74.07,74.54,70.52,71.05
2025-10-27 00:00:00,71.05,73.51,70.84,72.92
2025-10-27 04:00:00,72.95,72.97,68.29,68.39
2025-10-27 08:00:00,68.4,73.48,68.38,71.35
2025-10-27 12:00:00,71.36,76.13,70.52,74.78
2025-10-27 16:00:00,74.73,75.04,70.65,70.98
2025-10-27 20:00:00,70.99,71.99,69.2,70.48
2025-10-28 00:00:00,70.49,70.75,68.3,70.0
2025-10-28 04:00:00,69.99,70.46,67.16,67.23
2025-10-28 08:00:00,67.22,69.42,66.0,69.35
2025-10-28 12:00:00,69.36,72.68,68.24,71.59
2025-10-28 16:00:00,71.57,73.51,70.46,72.24
2025-10-28 20:00:00,72.25,73.65,69.85,70.98
2025-10-29 00:00:00,70.98,73.33,70.68,71.56
2025-10-29 04:00:00,71.56,73.74,68.47,68.77
2025-10-29 08:00:00,68.78,70.51,65.45,66.26
2025-10-29 12:00:00,66.26,67.05,64.85,66.92
2025-10-29 16:00:00,66.93,66.94,64.24,65.27
2025-10-29 20:00:00,65.28,67.25,64.31,66.83
2025-10-30 00:00:00,66.82,67.01,63.76,64.69
2025-10-30 04:00:00,64.68,65.57,61.43,62.34
2025-10-30 08:00:00,62.34,64.69,62.22,62.92
2025-10-30 12:00:00,62.92,64.98,62.12,64.83
2025-10-30 16:00:00,64.82,65.73,62.53,62.94
2025-10-30 20:00:00,62.96,63.67,61.35,61.52
2025-10-31 00:00:00,61.54,63.69,61.15,63.19
2025-10-31 04:00:00,63.19,65.08,63.1,64.72
2025-10-31 08:00:00,64.69,69.07,64.4,67.18
2025-10-31 12:00:00,67.2,67.72,63.45,64.64
2025-10-31 16:00:00,64.64,67.29,64.63,67.17
2025-10-31 20:00:00,67.2,68.43,65.46,65.88
2025-11-01 00:00:00,65.89,68.15,65.53,68.02
2025-11-01 04:00:00,68.04,69.08,66.56,68.19
2025-11-01 08:00:00,68.2,70.9,67.76,68.06
2025-11-01 12:00:00,68.05,68.42,64.8,67.26
2025-11-01 16:00:00,67.25,69.96,66.25,66.92
2025-11-01 20:00:00,66.93,70.5,65.75,69.84
2025-11-02 00:00:00,69.84,72.24,68.82,71.73
2025-11-02 04:00:00,71.7,75.58,70.96,74.98
2025-11-02 08:00:00,74.95,79.19,74.24,79.0
2025-11-02 12:00:00,79.02,81.68,77.6,81.05
2025-11-02 16:00:00,81.03,82.43,79.27,80.58
2025-11-02 20:00:00,80.56,82.48,79.8,81.11
2025-11-03 00:00:00,81.1,81.37,78.14,81.09
2025-11-03 04:00:00,81.14,84.2,80.84,83.86
2025-11-03 08:00:00,83.89,86.68,83.35,84.7
2025-11-03 12:00:00,84.71,85.25,80.98,81.3
2025-11-03 16:00:00,81.3,85.87,81.14,84.49
2025-11-03 20:00:00,84.47,86.39,82.75,83.58
2025-11-04 00:00:00,83.59,87.58,82.76,87.29
2025-11-04 04:00:00,87.27,90.3,86.31,88.62
2025-11-04 08:00:00,88.61,90.87,85.05,86.07
2025-11-04 12:00:00,86.08,90.95,85.93,90.07
2025-11-04 16:00:00,90.06,90.46,87.8,90.4
2025-11-04 20:00:00,90.38,93.45,88.03,91.91
2025-11-05 00:00:00,91.87,92.26,87.85,88.8
2025-11-05 04:00:00,88.81,90.03,84.9,85.05
2025-11-05 08:00:00,85.05,87.99,84.29,86.21
2025-11-05 12:00:00,86.21,87.38,84.03,86.01
2025-11-05 16:00:00,86.0,90.33,85.87,90.18
2025-11-05 20:00:00,90.23,90.23,85.61,88.31
2025-11-06 00:00:00,88.35,92.21,88.25,92.0
2025-11-06 04:00:00,92.02,93.19,89.83,92.3
2025-11-06 08:00:00,92.3,98.63,91.76,98.04
2025-11-06 12:00:00,98.04,99.62,95.7,97.98
2025-11-06 16:00:00,97.97,100.63,97.4,98.74
2025-11-06 20:00:00,98.77,100.38,97.19,99.08
2025-11-07 00:00:00,99.03,99.17,93.73,95.64
2025-11-07 04:00:00,95.62,99.52,94.58,98.51
2025-11-07 08:00:00,98.51,100.92,97.7,99.52
2025-11-07 12:00:00,99.54,99.66,95.55,97.53
2025-11-07 16:00:00,97.53,103.53,97.26,102.27
2025-11-07 20:00:00,102.24,106.49,102.12,104.34
2025-11-08 00:00:00,104.31,105.98,101.87,104.18
2025-11-08 04:00:00,104.18,105.94,100.55,103.17
2025-11-08 08:00:00,103.16,104.74,98.17,98.87
2025-11-08 12:00:00,98.86,100.86,95.35,97.87
2025-11-08 16:00:00,97.88,101.0,96.7,98.96
2025-11-08 20:00:00,98.97,99.94,93.82,94.9
2025-11-09 00:00:00,94.89,97.06,93.42,94.39
2025-11-09 04:00:00,94.39,97.01,92.23,95.96
2025-11-09 08:00:00,96.04,97.11,91.95,96.86
2025-11-09 12:00:00,96.86,101.42,96.6,101.35
2025-11-09 16:00:00,101.36,102.28,95.84,96.83
2025-11-09 20:00:00,96.85,99.18,94.63,94.76
2025-11-10 00:00:00,94.72,95.27,89.68,91.13
2025-11-10 04:00:00,91.19,91.64,85.39,86.26
2025-11-10 08:00:00,86.3,89.08,85.39,86.72
2025-11-10 12:00:00,86.73,88.21,83.63,84.18
2025-11-10 16:00:00,84.18,88.11,83.64,86.56
2025-11-10 20:00:00,86.57,88.08,84.57,87.11
2025-11-11 00:00:00,87.07,87.26,81.73,81.92
2025-11-11 04:00:00,81.93,84.59,80.3,82.89
2025-11-11 08:00:00,82.89,85.21,81.59,84.12
2025-11-11 12:00:00,84.14,85.37,82.92,82.95
2025-11-11 16:00:00,82.98,86.83,82.23,86.52
2025-11-11 20:00:00,86.5,87.18,82.85,85.98
2025-11-12 00:00:00,85.94,88.53,85.65,86.28
2025-11-12 04:00:00,86.33,88.39,85.06,88.0
2025-11-12 08:00:00,88.02,89.15,86.16,86.48
2025-11-12 12:00:00,86.49,87.03,82.64,86.99
2025-11-12 16:00:00,86.98,88.93,86.1,88.74
2025-11-12 20:00:00,88.79,92.24,88.73,89.02
2025-11-13 00:00:00,89.01,90.17,87.33,88.18
2025-11-13 04:00:00,88.2,90.71,85.38,89.6
2025-11-13 08:00:00,89.6,90.22,86.89,88.96
2025-11-13 12:00:00,88.96,91.89,86.44,91.19
2025-11-13 16:00:00,91.14,96.39,90.79,94.25
2025-11-13 20:00:00,94.25,94.71,86.75,87.94
2025-11-14 00:00:00,87.93,92.88,86.94,90.7
2025-11-14 04:00:00,90.68,93.72,90.11,91.83
2025-11-14 08:00:00,91.81,93.37,89.01,90.47
2025-11-14 12:00:00,90.44,91.03,88.27,88.64
2025-11-14 16:00:00,88.67,90.49,86.67,89.97
2025-11-14 20:00:00,90.0,91.7,88.56,90.56
2025-11-15 00:00:00,90.56,93.65,89.05,91.68
2025-11-15 04:00:00,91.7,93.12,88.55,92.0
2025-11-15 08:00:00,92.0,95.27,90.96,94.6
2025-11-15 12:00:00,94.58,96.34,92.53,93.17
2025-11-15 16:00:00,93.18,97.66,92.99,96.94
2025-11-15 20:00:00,96.94,101.69,94.73,101.48
2025-11-16 00:00:00,101.51,102.84,94.03,96.38
2025-11-16 04:00:00,96.35,98.32,94.33,97.62
2025-11-16 08:00:00,97.63,100.21,95.38,95.38
2025-11-16 12:00:00,95.42,96.03,89.86,90.67
2025-11-16 16:00:00,90.64,96.05,89.97,95.36
2025-11-16 20:00:00,95.31,96.36,91.55,91.74
2025-11-17 00:00:00,91.81,92.97,88.19,89.01
2025-11-17 04:00:00,89.01,95.71,88.78,91.99
2025-11-17 08:00:00,91.97,94.65,91.24,92.03
2025-11-17 12:00:00,92.0,95.1,91.09,94.81
2025-11-17 16:00:00,94.78,98.03,90.69,90.92
2025-11-17 20:00:00,90.89,91.95,85.69,85.97
2025-11-18 00:00:00,85.98,89.7,84.9,85.13
2025-11-18 04:00:00,85.13,88.28,84.33,86.51
2025-11-18 08:00:00,86.5,86.98,82.55,83.26
2025-11-18 12:00:00,83.27,88.52,83.27,88.52
2025-11-18 16:00:00,88.5,90.73,85.84,89.91
2025-11-18 20:00:00,89.89,91.45,88.27,89.9
2025-11-19 00:00:00,89.89,93.23,89.69,91.52
2025-11-19 04:00:00,91.48,93.36,89.68,93.32
2025-11-19 08:00:00,93.31,95.46,91.4,94.03
2025-11-19 12:00:00,93.97,97.73,93.71,97.26
2025-11-19 16:00:00,97.22,97.71,91.93,92.19
2025-11-19 20:00:00,92.16,95.95,90.34,90.78
2025-11-20 00:00:00,90.8,93.5,89.64,92.78
2025-11-20 04:00:00,92.82,93.78,90.65,93.78
2025-11-20 08:00:00,93.79,100.2,92.99,98.37
2025-11-20 12:00:00,98.37,101.74,97.81,99.71
2025-11-20 16:00:00,99.7,102.82,98.6,100.81
2025-11-20 20:00:00,100.79,101.96,94.49,94.49
2025-11-21 00:00:00,94.5,98.44,94.33,95.26
2025-11-21 04:00:00,95.22,97.03,94.12,94.59
2025-11-21 08:00:00,94.59,101.24,94.32,98.12
2025-11-21 12:00:00,98.13,100.45,94.8,98.23
2025-11-21 16:00:00,98.25,99.04,92.88,93.55
2025-11-21 20:00:00,93.54,96.88,92.55,94.96
2025-11-22 00:00:00,94.98,97.66,93.64,94.03
2025-11-22 04:00:00,94.05,94.9,90.93,93.48
2025-11-22 08:00:00,93.49,98.48,93.47,98.48
2025-11-22 12:00:00,98.47,98.94,92.34,94.62
2025-11-22 16:00:00,94.6,95.02,88.31,88.5
2025-11-22 20:00:00,88.5,90.99,86.58,88.43
2025-11-23 00:00:00,88.44,90.92,86.5,87.12
2025-11-23 04:00:00,87.17,87.81,84.09,87.0
2025-11-23 08:00:00,87.03,89.93,85.85,87.95
2025-11-23 12:00:00,87.96,88.06,83.6,84.62
2025-11-23 16:00:00,84.61,87.48,84.03,85.67
2025-11-23 20:00:00,85.68,85.71,79.84,79.96
2025-11-24 00:00:00,80.02,81.22,78.55,79.66
2025-11-24 04:00:00,79.66,82.32,78.74,79.71
2025-11-24 08:00:00,79.69,82.4,78.18,80.27
2025-11-24 12:00:00,80.28,80.68,77.05,78.01
2025-11-24 16:00:00,77.99,78.57,73.75,73.96
2025-11-24 20:00:00,73.96,74.86,72.45,74.51
2025-11-25 00:00:00,74.54,79.53,74.24,79.26
2025-11-25 04:00:00,79.29,79.54,75.08,77.17
2025-11-25 08:00:00,77.18,80.19,75.8,77.57
2025-11-25 12:00:00,77.55,78.31,74.41,74.61
2025-11-25 16:00:00,74.57,76.01,71.92,75.65
2025-11-25 20:00:00,75.65,79.78,75.4,78.58
2025-11-26 00:00:00,78.54,80.61,77.6,80.41
2025-11-26 04:00:00,80.39,81.24,76.64,79.17
2025-11-26 08:00:00,79.17,84.71,79.09,84.1
2025-11-26 12:00:00,84.14,85.14,82.49,84.17
2025-11-26 16:00:00,84.17,84.84,81.4,82.04
2025-11-26 20:00:00,82.04,82.47,77.61,78.36
2025-11-27 00:00:00,78.36,82.62,78.31,81.15
2025-11-27 04:00:00,81.14,82.62,79.51,81.13
2025-11-27 08:00:00,81.08,84.82,80.9,84.72
2025-11-27 12:00:00,84.74,85.11,82.61,83.41
2025-11-27 16:00:00,83.41,84.14,80.71,82.62
2025-11-27 20:00:00,82.62,84.75,81.81,84.7
2025-11-28 00:00:00,84.73,85.05,81.75,83.92
2025-11-28 04:00:00,83.91,86.1,82.14,85.83
2025-11-28 08:00:00,85.84,87.36,84.03,86.53
2025-11-28 12:00:00,86.58,86.58,81.26,81.6
2025-11-28 16:00:00,81.61,81.93,78.23,80.03
2025-11-28 20:00:00,80.05,82.95,79.21,82.36
2025-11-29 00:00:00,82.37,84.62,80.78,80.99
2025-11-29 04:00:00,80.97,83.01,79.45,80.95
2025-11-29 08:00:00,80.95,82.06,79.05,80.67
2025-11-29 12:00:00,80.68,81.81,75.78,75.92
2025-11-29 16:00:00,75.92,77.8,75.15,76.02
2025-11-29 20:00:00,76.03,77.23,73.95,74.0
2025-11-30 00:00:00,74.01,76.33,71.44,71.5
2025-11-30 04:00:00,71.53,72.17,70.48,71.17
2025-11-30 08:00:00,71.18,72.45,68.39,72.0
2025-11-30 12:00:00,72.01,78.21,71.43,77.54
2025-11-30 16:00:00,77.54,77.66,74.44,75.81
2025-11-30 20:00:00,75.79,76.43,70.3,70.77
2025-12-01 00:00:00,70.76,72.9,70.26,71.9
2025-12-01 04:00:00,71.91,74.37,71.19,74.37
2025-12-01 08:00:00,74.35,77.57,74.32,75.66
2025-12-01 12:00:00,75.65,75.69,68.16,68.56
2025-12-01 16:00:00,68.56,72.37,68.34,70.33
2025-12-01 20:00:00,70.34,75.52,70.34,73.01
2025-12-02 00:00:00,72.99,74.59,71.88,73.07
2025-12-02 04:00:00,73.08,75.49,72.0,74.19
2025-12-02 08:00:00,74.2,74.69,72.24,74.35
2025-12-02 12:00:00,74.35,75.7,71.17,72.3
2025-12-02 16:00:00,72.29,73.44,71.28,72.39
2025-12-02 20:00:00,72.39,73.54,70.61,71.37
2025-12-03 00:00:00,71.39,72.23,69.29,70.86
2025-12-03 04:00:00,70.87,71.92,68.97,70.74
2025-12-03 08:00:00,70.74,71.3,68.73,70.04
2025-12-03 12:00:00,70.07,71.44,68.81,71.11
2025-12-03 16:00:00,71.11,71.54,69.32,69.69
2025-12-03 20:00:00,69.7,71.36,69.18,70.31
2025-12-04 00:00:00,70.33,71.4,64.7,65.91
2025-12-04 04:00:00,65.92,66.47,63.0,64.6
2025-12-04 08:00:00,64.6,65.77,62.92,65.37
2025-12-04 12:00:00,65.35,67.55,64.03,65.47
2025-12-04 16:00:00,65.49,67.73,63.38,67.73
2025-12-04 20:00:00,67.73,69.67,66.96,69.29
2025-12-05 00:00:00,69.29,70.53,66.44,69.21
2025-12-05 04:00:00,69.22,70.52,67.69,70.04
2025-12-05 08:00:00,70.02,70.76,68.69,69.71
2025-12-05 12:00:00,69.72,71.04,68.18,69.54
2025-12-05 16:00:00,69.51,70.04,67.18,68.63
2025-12-05 20:00:00,68.65,70.39,68.45,69.41
2025-12-06 00:00:00,69.43,70.3,67.16,68.86
2025-12-06 04:00:00,68.88,71.3,67.89,69.17
2025-12-06 08:00:00,69.16,72.78,68.76,71.27
2025-12-06 12:00:00,71.3,73.22,71.18,72.75
2025-12-06 16:00:00,72.77,73.33,69.99,72.11
2025-12-06 20:00:00,72.13,73.92,67.9,69.99
2025-12-07 00:00:00,70.01,71.48,67.77,69.25
2025-12-07 04:00:00,69.27,69.32,66.19,67.72
2025-12-07 08:00:00,67.71,67.78,63.73,66.79
2025-12-07 12:00:00,66.79,70.84,65.04,70.64
2025-12-07 16:00:00,70.64,70.91,68.53,69.15
2025-12-07 20:00:00,69.17,74.13,69.02,72.37
2025-12-08 00:00:00,72.35,73.29,71.14,72.01
2025-12-08 04:00:00,72.01,76.26,71.01,74.92
2025-12-08 08:00:00,74.89,76.01,72.06,72.56
2025-12-08 12:00:00,72.55,74.8,70.95,71.69
2025-12-08 16:00:00,71.72,72.63,69.57,69.94
2025-12-08 20:00:00,69.96,71.29,68.22,69.98
2025-12-09 00:00:00,69.96,71.81,69.27,70.74
2025-12-09 04:00:00,70.75,72.11,69.63,71.0
2025-12-09 08:00:00,71.0,72.32,69.35,71.26
2025-12-09 12:00:00,71.25,73.24,70.57,71.96
2025-12-09 16:00:00,71.99,73.16,70.25,71.07
2025-12-09 20:00:00,71.1,72.47,70.37,70.58
2025-12-10 00:00:00,70.57,71.03,68.48,70.31
2025-12-10 04:00:00,70.3,73.14,69.17,72.56
2025-12-10 08:00:00,72.53,73.78,70.74,71.01
2025-12-10 12:00:00,70.99,71.3,68.46,68.69
2025-12-10 16:00:00,68.68,71.45,67.52,70.75
2025-12-10 20:00:00,70.78,73.55,69.7,73.17
2025-12-11 00:00:00,73.17,74.66,71.73,72.61
2025-12-11 04:00:00,72.59,72.62,69.53,70.12
2025-12-11 08:00:00,70.11,72.33,69.57,70.85
2025-12-11 12:00:00,70.84,72.9,69.45,72.28
2025-12-11 16:00:00,72.28,73.7,70.54,73.09
2025-12-11 20:00:00,73.13,75.16,70.59,74.87
2025-12-12 00:00:00,74.89,76.86,74.46,75.93
2025-12-12 04:00:00,75.94,77.4,72.97,74.78
2025-12-12 08:00:00,74.81,77.16,74.56,77.05
2025-12-12 12:00:00,77.06,79.96,75.92,76.52
2025-12-12 16:00:00,76.51,77.44,72.43,74.32
2025-12-12 20:00:00,74.34,76.3,70.76,71.16
2025-12-13 00:00:00,71.14,71.59,69.32,70.31
2025-12-13 04:00:00,70.31,71.11,67.83,69.03
2025-12-13 08:00:00,69.04,69.58,67.43,69.58
2025-12-13 12:00:00,69.56,70.27,67.42,68.19
2025-12-13 16:00:00,68.17,69.68,66.84,68.63
2025-12-13 20:00:00,68.61,69.46,66.58,67.54
2025-12-14 00:00:00,67.56,68.59,66.17,67.79
2025-12-14 04:00:00,67.79,71.43,67.49,70.48
2025-12-14 08:00:00,70.47,71.28,68.91,70.49
2025-12-14 12:00:00,70.48,72.95,70.05,71.85
2025-12-14 16:00:00,71.81,72.2,68.82,69.99
2025-12-14 20:00:00,69.99,71.28,68.52,68.97
2025-12-15 00:00:00,69.0,73.27,68.86,72.96
2025-12-15 04:00:00,72.98,76.09,71.6,75.42
2025-12-15 08:00:00,75.39,76.65,74.47,75.3
2025-12-15 12:00:00,75.32,79.89,74.99,79.4
2025-12-15 16:00:00,79.42,81.31,78.71,80.7
2025-12-15 20:00:00,80.73,81.74,79.0,79.92
2025-12-16 00:00:00,79.96,80.46,78.28,78.93
2025-12-16 04:00:00,78.88,79.68,76.12,78.01
2025-12-16 08:00:00,77.98,78.46,75.28,76.16
2025-12-16 12:00:00,76.17,82.19,75.61,81.03
2025-12-16 16:00:00,81.03,81.5,77.01,77.7
2025-12-16 20:00:00,77.71,78.62,74.27,76.49
2025-12-17 00:00:00,76.46,81.56,76.2,80.35
2025-12-17 04:00:00,80.32,83.34,79.3,81.27
2025-12-17 08:00:00,81.29,85.46,80.41,84.92
2025-12-17 12:00:00,84.9,88.38,84.42,86.66
2025-12-17 16:00:00,86.69,86.79,81.82,82.41
2025-12-17 20:00:00,82.38,85.65,81.74,85.62
2025-12-18 00:00:00,85.64,86.83,82.29,85.04
2025-12-18 04:00:00,85.03,88.58,84.95,86.88
2025-12-18 08:00:00,86.9,95.32,86.67,95.05
2025-12-18 12:00:00,95.0,95.99,92.47,94.98
2025-12-18 16:00:00,94.93,95.16,90.12,90.5
2025-12-18 20:00:00,90.53,93.65,89.55,92.41
2025-12-19 00:00:00,92.43,93.55,90.14,90.99
2025-12-19 04:00:00,90.97,92.69,87.95,88.79
2025-12-19 08:00:00,88.81,92.82,88.35,91.98
2025-12-19 12:00:00,91.96,95.75,90.86,95.21
2025-12-19 16:00:00,95.21,97.59,94.65,95.86
2025-12-19 20:00:00,95.86,96.31,92.67,93.82
2025-12-20 00:00:00,93.82,96.81,92.49,96.8
2025-12-20 04:00:00,96.83,100.2,96.06,98.35
2025-12-20 08:00:00,98.38,103.27,96.27,103.06
2025-12-20 12:00:00,103.03,105.53,101.6,102.74
2025-12-20 16:00:00,102.76,103.8,100.47,102.7
2025-12-20 20:00:00,102.75,111.21,102.63,110.93
2025-12-21 00:00:00,110.93,112.53,108.59,111.94
2025-12-21 04:00:00,111.92,117.45,110.9,116.8
2025-12-21 08:00:00,116.81,124.29,116.58,122.06
2025-12-21 12:00:00,122.08,125.18,119.72,124.63
2025-12-21 16:00:00,124.65,125.62,120.81,123.95
2025-12-21 20:00:00,123.93,131.22,123.63,129.42
2025-12-22 00:00:00,129.47,136.88,129.21,136.14
2025-12-22 04:00:00,136.24,139.68,136.01,138.98
2025-12-22 08:00:00,138.93,141.2,134.55,135.38
2025-12-22 12:00:00,135.41,137.06,131.32,133.17
2025-12-22 16:00:00,133.24,136.96,133.06,134.85
2025-12-22 20:00:00,134.78,140.78,133.3,140.35
2025-12-23 00:00:00,140.3,141.21,135.69,136.84
2025-12-23 04:00:00,136.78,142.48,134.2,134.86
2025-12-23 08:00:00,134.85,138.25,134.53,137.09
2025-12-23 12:00:00,137.07,138.3,133.24,133.25
2025-12-23 16:00:00,133.21,137.45,130.66,132.51
2025-12-23 20:00:00,132.48,137.41,132.13,134.99
2025-12-24 00:00:00,134.99,138.7,132.9,136.53
2025-12-24 04:00:00,136.58,144.15,135.84,140.97
2025-12-24 08:00:00,141.01,149.1,137.83,145.14
2025-12-24 12:00:00,145.12,157.74,144.76,156.79
2025-12-24 16:00:00,156.74,158.39,153.15,155.71
2025-12-24 20:00:00,155.71,157.53,151.82,153.35
2025-12-25 00:00:00,153.29,155.45,150.61,151.3
2025-12-25 04:00:00,151.25,153.47,143.16,143.66
2025-12-25 08:00:00,143.68,146.47,141.75,144.24
2025-12-25 12:00:00,144.28,150.66,142.97,149.43
2025-12-25 16:00:00,149.5,155.01,148.13,153.61
2025-12-25 20:00:00,153.63,158.32,151.21,156.88
2025-12-26 00:00:00,156.89,163.04,155.32,162.76
2025-12-26 04:00:00,162.77,169.88,160.17,169.69
2025-12-26 08:00:00,169.66,175.23,161.0,171.45
2025-12-26 12:00:00,171.51,171.79,160.02,162.52
2025-12-26 16:00:00,162.42,163.3,158.69,163.3
2025-12-26 20:00:00,163.36,165.03,157.91,163.13
2025-12-27 00:00:00,163.15,173.48,159.64,169.85
2025-12-27 04:00:00,169.83,176.03,167.94,172.91
2025-12-27 08:00:00,172.95,175.77,170.96,171.43
2025-12-27 12:00:00,171.43,179.13,171.05,176.23
2025-12-27 16:00:00,176.21,176.77,170.62,175.83
2025-12-27 20:00:00,175.74,179.73,171.03,174.11
2025-12-28 00:00:00,174.1,179.58,172.58,177.51
2025-12-28 04:00:00,177.6,184.42,174.38,180.31
2025-12-28 08:00:00,180.39,185.37,178.29,181.04
2025-12-28 12:00:00,180.92,184.63,176.8,182.63
2025-12-28 16:00:00,182.69,184.5,178.92,180.99
2025-12-28 20:00:00,180.96,182.46,169.58,170.88
2025-12-29 00:00:00,170.93,172.26,164.95,169.22
2025-12-29 04:00:00,169.18,172.57,166.19,167.97
2025-12-29 08:00:00,168.09,169.34,157.96,160.1
2025-12-29 12:00:00,160.11,165.39,159.69,162.98
2025-12-29 16:00:00,162.93,167.08,160.69,165.48
2025-12-29 20:00:00,165.43,174.8,162.86,168.87
2025-12-30 00:00:00,168.84,180.87,168.5,179.83
2025-12-30 04:00:00,179.91,183.8,173.88,178.46
2025-12-30 08:00:00,178.4,189.52,177.38,188.02
2025-12-30 12:00:00,188.0,189.24,182.52,188.38
2025-12-30 16:00:00,188.42,189.38,174.56,175.87
2025-12-30 20:00:00,175.76,181.84,175.07,181.29
2025-12-31 00:00:00,181.3,184.12,174.76,179.59
2025-12-31 04:00:00,179.52,185.49,177.08,184.63
2025-12-31 08:00:00,184.61,186.06,177.63,179.08
2025-12-31 12:00:00,179.11,189.52,178.32,184.97
2025-12-31 16:00:00,185.02,188.64,181.49,184.46
2025-12-31 20:00:00,184.49,187.57,179.69,180.0
2026-01-01 00:00:00,179.98,182.29,173.15,174.66
2026-01-01 04:00:00,174.67,181.82,174.19,178.89
2026-01-01 08:00:00,178.85,180.59,173.85,176.21
2026-01-01 12:00:00,176.21,177.42,163.87,167.71
2026-01-01 16:00:00,167.69,168.84,159.59,160.73
2026-01-01 20:00:00,160.69,164.83,157.98,164.22
2026-01-02 00:00:00,164.21,171.38,160.36,162.71
2026-01-02 04:00:00,162.72,165.33,153.7,164.96
2026-01-02 08:00:00,164.94,165.2,151.18,151.36
2026-01-02 12:00:00,151.35,157.44,150.88,154.01
2026-01-02 16:00:00,153.95,155.71,150.98,155.19
2026-01-02 20:00:00,155.14,158.96,153.31,153.93
2026-01-03 00:00:00,153.93,154.64,143.35,146.42
2026-01-03 04:00:00,146.42,146.58,140.72,143.48
2026-01-03 08:00:00,143.47,149.12,137.16,137.88
2026-01-03 12:00:00,137.83,143.21,136.15,142.36
2026-01-03 16:00:00,142.36,143.35,133.89,134.11
2026-01-03 20:00:00,134.09,146.49,133.93,145.03
2026-01-04 00:00:00,145.02,147.92,142.16,145.69
2026-01-04 04:00:00,145.7,146.41,134.26,134.58
2026-01-04 08:00:00,134.58,136.97,127.81,129.86
2026-01-04 12:00:00,129.9,132.48,126.5,131.75
2026-01-04 16:00:00,131.78,137.89,131.36,131.56
2026-01-04 20:00:00,131.59,133.08,126.99,128.48
2026-01-05 00:00:00,128.5,136.93,127.95,136.34
2026-01-05 04:00:00,136.36,136.59,127.52,134.14
2026-01-05 08:00:00,134.08,135.07,128.8,129.6
2026-01-05 12:00:00,129.55,135.34,126.13,132.98
2026-01-05 16:00:00,132.95,138.11,132.56,133.88
2026-01-05 20:00:00,133.82,134.74,129.02,132.67
2026-01-06 00:00:00,132.64,136.4,131.32,132.2
2026-01-06 04:00:00,132.26,134.3,129.55,132.43
2026-01-06 08:00:00,132.45,133.44,126.56,127.75
2026-01-06 12:00:00,127.79,131.77,127.28,130.33
2026-01-06 16:00:00,130.34,137.84,130.13,133.04
2026-01-06 20:00:00,133.09,136.07,126.43,127.81
2026-01-07 00:00:00,127.79,129.56,121.19,126.33
2026-01-07 04:00:00,126.33,128.87,121.57,127.21
2026-01-07 08:00:00,127.18,132.93,125.58,125.81
2026-01-07 12:00:00,125.8,127.77,121.04,123.46
2026-01-07 16:00:00,123.5,129.36,122.92,127.61
2026-01-07 20:00:00,127.62,129.13,122.83,123.67
2026-01-08 00:00:00,123.71,126.48,122.1,123.91
2026-01-08 04:00:00,123.95,124.08,119.64,123.0
2026-01-08 08:00:00,123.01,124.74,121.78,123.28
2026-01-08 12:00:00,123.24,124.74,120.55,122.03
2026-01-08 16:00:00,122.06,122.79,112.13,113.38
2026-01-08 20:00:00,113.44,116.39,112.11,116.07
2026-01-09 00:00:00,116.05,117.54,110.63,112.0
2026-01-09 04:00:00,111.98,115.48,110.95,112.26
2026-01-09 08:00:00,112.28,115.22,111.77,113.42
2026-01-09 12:00:00,113.37,114.14,109.5,111.2
2026-01-09 16:00:00,111.22,111.43,106.18,109.77
2026-01-09 20:00:00,109.76,115.22,109.51,114.65
2026-01-10 00:00:00,114.64,121.78,112.18,118.4
2026-01-10 04:00:00,118.38,119.81,111.78,112.9
2026-01-10 08:00:00,112.89,120.74,112.81,120.22
2026-01-10 12:00:00,120.22,122.75,118.66,120.01
2026-01-10 16:00:00,119.98,120.15,113.6,114.96
2026-01-10 20:00:00,114.94,120.29,112.87,120.0
2026-01-11 00:00:00,120.01,123.91,119.13,123.64
2026-01-11 04:00:00,123.63,134.39,122.86,133.89
2026-01-11 08:00:00,133.84,135.45,130.48,132.86
2026-01-11 12:00:00,132.87,134.45,127.26,129.97
2026-01-11 16:00:00,129.91,130.07,125.47,125.87
2026-01-11 20:00:00,125.85,129.83,124.07,127.69
2026-01-12 00:00:00,127.69,129.59,125.69,126.95
2026-01-12 04:00:00,126.95,132.7,125.6,131.18
2026-01-12 08:00:00,131.18,134.11,128.04,128.35
2026-01-12 12:00:00,128.39,132.28,124.46,132.28
2026-01-12 16:00:00,132.29,132.63,127.06,128.89
2026-01-12 20:00:00,128.92,129.06,119.34,122.61
2026-01-13 00:00:00,122.61,123.57,117.73,119.29
2026-01-13 04:00:00,119.28,119.47,114.54,117.31
2026-01-13 08:00:00,117.34,117.64,114.25,115.17
2026-01-13 12:00:00,115.17,120.35,112.8,120.16
2026-01-13 16:00:00,120.15,124.05,119.08,119.79
2026-01-13 20:00:00,119.77,121.71,118.3,118.81
2026-01-14 00:00:00,118.84,121.73,115.96,117.34
2026-01-14 04:00:00,117.36,119.15,114.3,114.44
2026-01-14 08:00:00,114.41,117.98,110.89,116.24
2026-01-14 12:00:00,116.29,120.96,115.61,118.54
2026-01-14 16:00:00,118.53,124.22,117.15,119.31
2026-01-14 20:00:00,119.34,121.47,116.98,118.59
2026-01-15 00:00:00,118.55,123.52,116.03,121.9
2026-01-15 04:00:00,121.87,123.07,117.78,119.22
2026-01-15 08:00:00,119.18,119.82,111.54,111.94
2026-01-15 12:00:00,111.93,114.77,111.05,114.64
2026-01-15 16:00:00,114.65,117.59,111.52,111.61
2026-01-15 20:00:00,111.61,116.62,110.94,115.56
2026-01-16 00:00:00,115.56,117.67,112.09,112.44
2026-01-16 04:00:00,112.46,113.22,105.22,106.85
2026-01-16 08:00:00,106.83,108.97,105.51,106.46
2026-01-16 12:00:00,106.48,109.08,103.81,107.84
2026-01-16 16:00:00,107.87,109.15,105.45,108.98
2026-01-16 20:00:00,109.01,110.14,107.23,109.76
2026-01-17 00:00:00,109.75,115.16,109.2,114.33
2026-01-17 04:00:00,114.37,116.8,107.05,108.15
2026-01-17 08:00:00,108.18,109.4,105.12,105.87
2026-01-17 12:00:00,105.86,114.4,105.45,112.43
2026-01-17 16:00:00,112.41,115.2,109.74,113.31
2026-01-17 20:00:00,113.31,113.31,106.65,107.49
2026-01-18 00:00:00,107.49,111.46,106.05,108.58
2026-01-18 04:00:00,108.59,111.12,107.27,110.67
2026-01-18 08:00:00,110.67,112.19,106.39,108.42
2026-01-18 12:00:00,108.37,111.18,106.28,108.14
2026-01-18 16:00:00,108.14,109.41,105.79,106.04
2026-01-18 20:00:00,106.04,109.29,104.67,106.03
2026-01-19 00:00:00,106.03,107.06,103.47,104.56
2026-01-19 04:00:00,104.58,105.59,100.92,101.58
2026-01-19 08:00:00,101.6,103.62,99.48,103.62
2026-01-19 12:00:00,103.63,106.38,102.16,103.3
2026-01-19 16:00:00,103.35,104.72,99.67,102.36
2026-01-19 20:00:00,102.38,110.86,102.33,109.1
2026-01-20 00:00:00,109.06,113.04,108.05,112.73
2026-01-20 04:00:00,112.79,119.05,112.44,113.59
2026-01-20 08:00:00,113.58,118.19,112.65,115.7
2026-01-20 12:00:00,115.68,119.62,115.19,117.87
2026-01-20 16:00:00,117.87,117.98,109.06,109.87
2026-01-20 20:00:00,109.88,111.48,105.65,109.31
2026-01-21 00:00:00,109.34,111.32,107.09,108.77
2026-01-21 04:00:00,108.72,109.23,102.6,103.89
2026-01-21 08:00:00,103.84,107.04,100.97,102.58
2026-01-21 12:00:00,102.53,109.52,102.36,107.99
2026-01-21 16:00:00,107.92,108.42,104.42,105.04
2026-01-21 20:00:00,105.08,108.69,103.64,108.67
2026-01-22 00:00:00,108.67,114.79,106.31,114.3
2026-01-22 04:00:00,114.3,117.52,113.35,115.27
2026-01-22 08:00:00,115.29,116.08,110.55,111.03
2026-01-22 12:00:00,111.03,111.14,107.5,108.14
2026-01-22 16:00:00,108.08,116.79,107.08,116.42
2026-01-22 20:00:00,116.41,117.16,106.05,107.12
2026-01-23 00:00:00,107.19,107.71,101.14,103.76
2026-01-23 04:00:00,103.77,105.76,101.33,103.38
2026-01-23 08:00:00,103.33,104.72,101.59,103.7
2026-01-23 12:00:00,103.72,107.2,101.56,106.45
2026-01-23 16:00:00,106.46,107.8,103.9,104.65
2026-01-23 20:00:00,104.64,106.93,101.33,106.46
2026-01-24 00:00:00,106.38,109.22,104.25,104.54
2026-01-24 04:00:00,104.52,106.11,102.12,104.09
2026-01-24 08:00:00,104.12,104.42,98.28,99.1
2026-01-24 12:00:00,99.13,99.84,95.47,97.69
2026-01-24 16:00:00,97.69,97.83,93.31,93.66
2026-01-24 20:00:00,93.66,96.0,92.35,93.7
2026-01-25 00:00:00,93.68,97.3,92.09,96.37
2026-01-25 04:00:00,96.4,98.83,95.54,97.69
2026-01-25 08:00:00,97.72,98.42,95.97,97.83
2026-01-25 12:00:00,97.83,99.44,94.84,96.44
2026-01-25 16:00:00,96.46,98.24,94.35,95.9
2026-01-25 20:00:00,95.85,98.08,94.47,96.95
2026-01-26 00:00:00,96.93,97.0,92.44,93.01
2026-01-26 04:00:00,92.99,94.83,90.23,94.59
2026-01-26 08:00:00,94.61,96.85,92.72,96.53
2026-01-26 12:00:00,96.5,99.78,96.3,97.58
2026-01-26 16:00:00,97.59,104.9,97.44,102.86
2026-01-26 20:00:00,102.83,103.0,98.46,100.89
2026-01-27 00:00:00,100.93,101.71,97.54,97.71
2026-01-27 04:00:00,97.72,99.37,94.25,95.0
2026-01-27 08:00:00,94.99,97.58,90.78,91.2
2026-01-27 12:00:00,91.21,95.7,89.87,95.32
2026-01-27 16:00:00,95.27,98.88,94.4,98.55
2026-01-27 20:00:00,98.55,104.5,97.32,104.16
2026-01-28 00:00:00,104.19,108.35,103.88,106.38
2026-01-28 04:00:00,106.38,107.63,100.09,100.49
2026-01-28 08:00:00,100.44,106.0,100.34,105.57
2026-01-28 12:00:00,105.57,109.23,104.64,106.39
2026-01-28 16:00:00,106.4,106.97,101.94,105.66
2026-01-28 20:00:00,105.64,109.22,105.32,108.98
2026-01-29 00:00:00,108.98,108.98,105.28,106.56
2026-01-29 04:00:00,106.56,108.35,102.93,104.58
2026-01-29 08:00:00,104.62,106.43,102.57,104.69
2026-01-29 12:00:00,104.72,107.43,103.38,106.44
2026-01-29 16:00:00,106.45,108.81,102.93,103.33
2026-01-29 20:00:00,103.32,108.92,102.27,107.16
2026-01-30 00:00:00,107.12,111.87,104.78,110.52
2026-01-30 04:00:00,110.58,112.36,108.42,111.8
2026-01-30 08:00:00,111.81,114.6,108.45,114.52
2026-01-30 12:00:00,114.53,116.18,111.94,113.63
2026-01-30 16:00:00,113.6,123.99,113.45,123.4
2026-01-30 20:00:00,123.43,126.63,120.1,124.69
2026-01-31 00:00:00,124.73,124.94,117.15,117.56
2026-01-31 04:00:00,117.6,121.29,116.7,120.35
2026-01-31 08:00:00,120.31,122.93,118.55,120.45
2026-01-31 12:00:00,120.49,122.02,117.63,120.55
2026-01-31 16:00:00,120.61,121.17,113.53,119.17
2026-01-31 20:00:00,119.13,120.41,112.44,115.62
2026-02-01 00:00:00,115.59,116.65,111.55,114.66
2026-02-01 04:00:00,114.66,124.61,114.55,122.0
2026-02-01 08:00:00,122.04,126.92,121.01,126.14
2026-02-01 12:00:00,126.14,126.92,120.22,124.37
2026-02-01 16:00:00,124.35,132.53,124.26,130.69
2026-02-01 20:00:00,130.71,132.39,126.15,127.05
2026-02-02 00:00:00,127.04,130.61,126.42,127.84
2026-02-02 04:00:00,127.86,135.63,126.96,133.44
2026-02-02 08:00:00,133.41,133.57,127.17,128.55
2026-02-02 12:00:00,128.58,131.97,126.46,131.86
2026-02-02 16:00:00,131.85,132.56,122.95,123.86
2026-02-02 20:00:00,123.8,131.86,122.96,130.32
2026-02-03 00:00:00,130.29,131.0,124.44,125.27
2026-02-03 04:00:00,125.26,128.67,122.54,127.5
2026-02-03 08:00:00,127.51,129.21,123.33,123.63
2026-02-03 12:00:00,123.66,128.23,122.48,123.46
2026-02-03 16:00:00,123.46,125.6,122.02,123.74
2026-02-03 20:00:00,123.7,124.97,118.98,123.27
2026-02-04 00:00:00,123.27,134.72,123.27,133.42
2026-02-04 04:00:00,133.41,134.0,127.04,128.77
2026-02-04 08:00:00,128.8,130.42,123.63,124.61
2026-02-04 12:00:00,124.62,128.87,121.74,128.02
2026-02-04 16:00:00,128.01,128.37,123.93,124.68
2026-02-04 20:00:00,124.65,126.9,123.03,125.74
2026-02-05 00:00:00,125.77,129.31,124.66,127.07
2026-02-05 04:00:00,127.04,133.13,126.52,128.72
2026-02-05 08:00:00,128.68,130.91,124.14,124.76
2026-02-05 12:00:00,124.81,125.68,117.32,117.39
2026-02-05 16:00:00,117.37,121.91,116.62,121.81
2026-02-05 20:00:00,121.79,129.56,121.42,128.98
2026-02-06 00:00:00,128.98,131.16,120.51,123.56
2026-02-06 04:00:00,123.55,126.85,120.1,120.86
2026-02-06 08:00:00,120.85,123.49,119.65,120.96
2026-02-06 12:00:00,120.94,123.14,119.07,121.65
2026-02-06 16:00:00,121.63,125.34,119.6,120.76
2026-02-06 20:00:00,120.79,127.56,119.65,125.24
2026-02-07 00:00:00,125.25,130.67,122.71,123.68
2026-02-07 04:00:00,123.66,123.94,115.69,116.22
2026-02-07 08:00:00,116.21,121.92,115.9,119.93
2026-02-07 12:00:00,119.92,122.88,118.54,119.73
2026-02-07 16:00:00,119.69,123.85,117.52,123.62
2026-02-07 20:00:00,123.63,124.72,118.83,119.02
2026-02-08 00:00:00,119.01,124.79,114.84,123.94
2026-02-08 04:00:00,123.93,124.58,119.12,119.12
2026-02-08 08:00:00,119.1,121.34,114.27,114.87
2026-02-08 12:00:00,114.88,115.64,110.0,111.22
2026-02-08 16:00:00,111.21,114.93,110.99,112.78
2026-02-08 20:00:00,112.76,118.08,111.77,115.67
2026-02-09 00:00:00,115.64,117.27,112.72,114.78
2026-02-09 04:00:00,114.74,114.82,111.86,113.65
2026-02-09 08:00:00,113.69,114.06,109.24,111.01
2026-02-09 12:00:00,111.02,114.84,110.49,113.98
2026-02-09 16:00:00,113.99,115.32,106.59,107.9
2026-02-09 20:00:00,107.84,108.86,103.93,105.61
2026-02-10 00:00:00,105.61,106.56,102.15,105.1
2026-02-10 04:00:00,105.17,108.41,101.76,104.19
2026-02-10 08:00:00,104.18,108.1,103.39,107.51
2026-02-10 12:00:00,107.48,108.48,103.53,104.11
2026-02-10 16:00:00,104.15,108.2,103.56,107.58
2026-02-10 20:00:00,107.56,112.83,107.06,110.9
2026-02-11 00:00:00,110.88,111.68,107.39,110.22
2026-02-11 04:00:00,110.25,111.12,105.39,106.16
2026-02-11 08:00:00,106.15,107.3,101.87,104.8
2026-02-11 12:00:00,104.84,105.16,101.19,103.63
2026-02-11 16:00:00,103.6,106.96,102.01,103.43
2026-02-11 20:00:00,103.42,106.64,102.42,106.01
2026-02-12 00:00:00,106.0,107.28,103.17,107.21
2026-02-12 04:00:00,107.28,109.09,105.71,106.93
2026-02-12 08:00:00,106.91,109.48,103.82,108.36
2026-02-12 12:00:00,108.38,109.65,105.31,108.36
2026-02-12 16:00:00,108.37,112.51,107.69,111.96
2026-02-12 20:00:00,111.98,114.94,111.48,111.62
2026-02-13 00:00:00,111.6,116.45,110.24,110.87
2026-02-13 04:00:00,110.79,112.09,102.87,103.01
2026-02-13 08:00:00,103.01,104.51,101.6,103.54
2026-02-13 12:00:00,103.54,104.59,100.07,101.94
2026-02-13 16:00:00,101.94,104.39,101.43,102.74
2026-02-13 20:00:00,102.76,105.09,99.76,104.1
2026-02-14 00:00:00,104.09,104.47,100.51,101.55
2026-02-14 04:00:00,101.57,104.72,96.15,96.89
2026-02-14 08:00:00,96.91,101.31,95.85,100.02
2026-02-14 12:00:00,100.05,101.09,96.82,97.31
2026-02-14 16:00:00,97.31,97.52,90.29,90.77
2026-02-14 20:00:00,90.77,94.97,90.65,94.74
2026-02-15 00:00:00,94.75,94.99,89.77,90.32
2026-02-15 04:00:00,90.32,92.0,89.25,90.85
2026-02-15 08:00:00,90.88,94.31,90.62,93.75
2026-02-15 12:00:00,93.79,94.35,89.22,89.24
2026-02-15 16:00:00,89.28,93.42,87.34,93.35
2026-02-15 20:00:00,93.39,100.18,93.32,98.92
2026-02-16 00:00:00,98.99,99.98,94.0,94.99
2026-02-16 04:00:00,94.99,96.96,94.1,96.4
2026-02-16 08:00:00,96.4,98.92,95.9,96.83
2026-02-16 12:00:00,96.79,96.83,89.73,94.65
2026-02-16 16:00:00,94.69,97.55,94.04,96.32
2026-02-16 20:00:00,96.37,98.72,93.87,98.12
2026-02-17 00:00:00,98.14,99.54,96.76,97.54
2026-02-17 04:00:00,97.55,101.96,96.92,100.12
2026-02-17 08:00:00,100.09,103.19,98.33,99.51
2026-02-17 12:00:00,99.45,102.01,99.1,101.78
2026-02-17 16:00:00,101.76,102.58,99.8,102.16
2026-02-17 20:00:00,102.19,102.6,99.71,101.19
2026-02-18 00:00:00,101.16,102.86,98.82,99.88
2026-02-18 04:00:00,99.9,102.74,99.1,101.14
2026-02-18 08:00:00,101.15,102.26,96.86,97.38
2026-02-18 12:00:00,97.37,99.89,96.54,97.21
2026-02-18 16:00:00,97.19,98.83,92.87,94.15
2026-02-18 20:00:00,94.14,97.52,93.99,95.62
2026-02-19 00:00:00,95.6,97.51,94.16,94.51
2026-02-19 04:00:00,94.54,94.54,86.29,88.55
2026-02-19 08:00:00,88.47,89.91,86.35,88.83
2026-02-19 12:00:00,88.85,89.87,86.96,88.89
2026-02-19 16:00:00,88.9,90.05,86.08,89.58
2026-02-19 20:00:00,89.6,90.13,84.76,86.71
2026-02-20 00:00:00,86.73,88.07,84.67,87.2
2026-02-20 04:00:00,87.19,91.45,85.17,89.56
2026-02-20 08:00:00,89.57,90.32,86.06,86.63
2026-02-20 12:00:00,86.64,87.54,83.51,85.78
2026-02-20 16:00:00,85.75,86.36,83.11,84.6
2026-02-20 20:00:00,84.63,85.75,82.9,84.26
2026-02-21 00:00:00,84.25,87.28,83.67,85.83
2026-02-21 04:00:00,85.83,88.3,85.76,87.61
2026-02-21 08:00:00,87.59,90.34,86.35,87.96
2026-02-21 12:00:00,87.95,89.84,86.19,87.41
2026-02-21 16:00:00,87.39,88.9,86.41,87.14
2026-02-21 20:00:00,87.15,88.11,82.91,83.02
2026-02-22 00:00:00,83.02,83.84,78.95,79.96
2026-02-22 04:00:00,79.95,82.36,78.51,81.58
2026-02-22 08:00:00,81.63,82.64,76.97,77.33
2026-02-22 12:00:00,77.34,77.52,73.04,74.66
2026-02-22 16:00:00,74.69,78.66,73.72,78.53
2026-02-22 20:00:00,78.5,81.1,77.36,80.65
2026-02-23 00:00:00,80.63,84.22,79.66,83.0
2026-02-23 04:00:00,83.02,83.59,80.23,80.64
2026-02-23 08:00:00,80.63,86.02,79.58,85.42
2026-02-23 12:00:00,85.4,88.89,84.51,88.32
2026-02-23 16:00:00,88.3,90.31,87.24,88.74
2026-02-23 20:00:00,88.74,89.18,86.31,87.79
2026-02-24 00:00:00,87.75,90.42,86.32,88.25
2026-02-24 04:00:00,88.22,90.82,86.39,89.6
2026-02-24 08:00:00,89.57,92.22,89.16,91.89
2026-02-24 12:00:00,91.87,93.75,90.76,92.26
2026-02-24 16:00:00,92.26,93.22,90.06,91.18
2026-02-24 20:00:00,91.14,94.57,91.05,93.99
2026-02-25 00:00:00,94.01,94.15,89.41,91.9
2026-02-25 04:00:00,91.87,92.5,89.29,89.29
2026-02-25 08:00:00,89.28,90.94,87.58,89.64
2026-02-25 12:00:00,89.63,91.88,89.43,89.78
2026-02-25 16:00:00,89.75,90.42,85.1,85.67
2026-02-25 20:00:00,85.69,86.69,82.07,82.83
2026-02-26 00:00:00,82.79,84.61,79.01,79.74
2026-02-26 04:00:00,79.72,80.94,76.43,76.58
2026-02-26 08:00:00,76.6,77.8,73.34,76.03
2026-02-26 12:00:00,76.03,77.22,70.54,70.87
2026-02-26 16:00:00,70.88,72.24,69.17,69.98
2026-02-26 20:00:00,69.99,71.02,68.89,69.72
2026-02-27 00:00:00,69.72,71.85,67.85,71.64
2026-02-27 04:00:00,71.6,74.06,71.06,73.58
2026-02-27 08:00:00,73.57,76.2,72.7,74.67
2026-02-27 12:00:00,74.65,75.29,71.56,71.62
2026-02-27 16:00:00,71.58,71.81,66.09,67.14
2026-02-27 20:00:00,67.14,67.53,64.39,66.21
2026-02-28 00:00:00,66.22,69.65,66.0,67.23
2026-02-28 04:00:00,67.2,67.87,65.32,65.96
2026-02-28 08:00:00,65.97,66.21,63.26,64.3
2026-02-28 12:00:00,64.31,66.4,62.21,62.64
2026-02-28 16:00:00,62.62,63.44,61.15,61.24
2026-02-28 20:00:00,61.25,62.91,60.06,60.28
2026-03-01 00:00:00,60.29,61.19,58.71,60.07
2026-03-01 04:00:00,60.09,60.09,57.4,57.45
2026-03-01 08:00:00,57.44,58.25,56.02,58.1
2026-03-01 12:00:00,58.11,58.22,55.12,56.07
2026-03-01 16:00:00,56.09,56.5,52.51,53.57
2026-03-01 20:00:00,53.52,53.6,50.37,50.61
2026-03-02 00:00:00,50.64,53.76,50.52,51.32
2026-03-02 04:00:00,51.34,51.44,48.35,48.88
2026-03-02 08:00:00,48.89,49.32,46.11,46.7
2026-03-02 12:00:00,46.71,47.96,45.93,46.68
2026-03-02 16:00:00,46.67,46.67,44.3,44.96
2026-03-02 20:00:00,44.97,46.18,43.67,43.85
2026-03-03 00:00:00,43.84,45.02,42.88,43.08
2026-03-03 04:00:00,43.06,44.23,42.25,43.3
2026-03-03 08:00:00,43.3,44.03,42.68,43.74
2026-03-03 12:00:00,43.74,45.63,43.25,43.81
2026-03-03 16:00:00,43.81,46.15,43.28,45.11
2026-03-03 20:00:00,45.1,46.77,44.9,45.89
2026-03-04 00:00:00,45.89,46.05,43.89,44.59
2026-03-04 04:00:00,44.59,45.45,43.62,45.22
2026-03-04 08:00:00,45.24,45.88,44.02,44.27
2026-03-04 12:00:00,44.26,47.47,43.9,46.01
2026-03-04 16:00:00,46.02,48.48,46.02,47.74
2026-03-04 20:00:00,47.76,49.53,47.73,49.21
2026-03-05 00:00:00,49.23,49.78,47.73,48.3
2026-03-05 04:00:00,48.27,48.67,46.79,46.95
2026-03-05 08:00:00,46.97,48.43,46.45,48.2
2026-03-05 12:00:00,48.19,48.62,45.72,47.31
2026-03-05 16:00:00,47.31,48.72,45.95,48.71
2026-03-05 20:00:00,48.71,49.81,46.03,46.49
2026-03-06 00:00:00,46.47,46.83,44.01,46.79
2026-03-06 04:00:00,46.77,48.6,46.05,46.13
2026-03-06 08:00:00,46.12,46.58,41.6,41.96
2026-03-06 12:00:00,41.96,46.04,41.85,44.85
2026-03-06 16:00:00,44.83,45.12,43.8,45.09
2026-03-06 20:00:00,45.1,45.92,44.28,44.47
2026-03-07 00:00:00,44.46,45.05,42.17,44.43
2026-03-07 04:00:00,44.44,44.66,42.55,42.62
2026-03-07 08:00:00,42.62,44.33,42.34,43.46
2026-03-07 12:00:00,43.45,46.54,43.36,46.26
2026-03-07 16:00:00,46.25,47.54,45.48,46.65
2026-03-07 20:00:00,46.63,47.7,45.52,47.58
2026-03-08 00:00:00,47.57,48.81,46.9,48.23
2026-03-08 04:00:00,48.23,49.15,47.53,48.11
2026-03-08 08:00:00,48.13,49.3,46.89,46.93
2026-03-08 12:00:00,46.94,47.27,45.3,45.63
2026-03-08 16:00:00,45.62,46.76,45.14,46.43
2026-03-08 20:00:00,46.43,46.7,44.93,45.11
2026-03-09 00:00:00,45.09,48.64,44.71,48.35
2026-03-09 04:00:00,48.35,48.58,46.06,47.2
2026-03-09 08:00:00,47.18,48.09,45.57,47.88
2026-03-09 12:00:00,47.86,48.27,45.85,46.37
2026-03-09 16:00:00,46.39,47.08,44.13,44.4
2026-03-09 20:00:00,44.4,45.98,44.09,44.16
2026-03-10 00:00:00,44.18,44.22,42.33,43.19
2026-03-10 04:00:00,43.17,45.07,42.81,43.42
2026-03-10 08:00:00,43.41,44.88,42.96,44.3
2026-03-10 12:00:00,44.32,45.85,42.83,43.08
2026-03-10 16:00:00,43.09,44.1,41.9,42.73
2026-03-10 20:00:00,42.76,44.94,42.51,44.46
2026-03-11 00:00:00,44.47,47.39,44.46,47.24
2026-03-11 04:00:00,47.23,48.51,46.0,48.4
2026-03-11 08:00:00,48.42,49.09,46.74,47.77
2026-03-11 12:00:00,47.77,48.54,46.94,47.67
2026-03-11 16:00:00,47.67,48.2,46.64,47.42
2026-03-11 20:00:00,47.42,47.85,44.12,44.49
2026-03-12 00:00:00,44.5,44.97,43.69,44.95
2026-03-12 04:00:00,44.97,46.76,44.62,45.56
2026-03-12 08:00:00,45.55,48.27,45.41,47.85
2026-03-12 12:00:00,47.86,49.83,47.56,49.05
2026-03-12 16:00:00,49.05,51.63,48.43,50.7
2026-03-12 20:00:00,50.71,52.65,49.9,50.42
2026-03-13 00:00:00,50.43,52.15,49.69,51.62
2026-03-13 04:00:00,51.63,52.16,48.67,48.79
2026-03-13 08:00:00,48.78,53.27,47.85,53.16
2026-03-13 12:00:00,53.16,54.92,52.17,54.42
2026-03-13 16:00:00,54.42,57.66,54.26,57.4
2026-03-13 20:00:00,57.42,60.53,56.94,60.05
2026-03-14 00:00:00,60.07,62.19,58.93,61.62
2026-03-14 04:00:00,61.63,62.97,60.02,61.04
2026-03-14 08:00:00,61.06,61.08,57.62,57.7
2026-03-14 12:00:00,57.7,58.28,56.36,57.64
2026-03-14 16:00:00,57.62,60.84,56.95,59.69
2026-03-14 20:00:00,59.68,59.85,56.57,57.66
2026-03-15 00:00:00,57.65,59.17,56.02,58.82
2026-03-15 04:00:00,58.81,60.43,58.36,60.27
2026-03-15 08:00:00,60.27,61.3,58.67,59.31
2026-03-15 12:00:00,59.31,61.36,57.89,58.0
2026-03-15 16:00:00,58.01,60.2,57.07,57.82
2026-03-15 20:00:00,57.82,59.28,57.51,57.74
2026-03-16 00:00:00,57.75,59.91,57.4,58.23
2026-03-16 04:00:00,58.22,58.84,57.31,57.59
2026-03-16 08:00:00,57.58,57.81,55.28,55.53
2026-03-16 12:00:00,55.55,59.32,55.12,56.68
2026-03-16 16:00:00,56.69,59.83,56.54,59.79
2026-03-16 20:00:00,59.8,61.13,58.86,60.25
2026-03-17 00:00:00,60.25,60.26,57.98,58.68
2026-03-17 04:00:00,58.68,59.78,56.33,57.44
2026-03-17 08:00:00,57.44,61.04,56.84,60.55
2026-03-17 12:00:00,60.57,61.11,59.34,60.4
2026-03-17 16:00:00,60.41,60.76,56.62,57.36
2026-03-17 20:00:00,57.36,59.15,56.82,56.91
2026-03-18 00:00:00,56.91,60.28,56.79,60.28
2026-03-18 04:00:00,60.25,65.11,59.96,64.9
2026-03-18 08:00:00,64.9,69.26,64.82,69.21
2026-03-18 12:00:00,69.22,75.19,68.93,75.15
2026-03-18 16:00:00,75.18,80.07,74.99,79.98
2026-03-18 20:00:00,79.96,81.88,78.83,80.48
2026-03-19 00:00:00,80.49,80.85,76.41,77.72
2026-03-19 04:00:00,77.7,79.26,76.14,76.15
2026-03-19 08:00:00,76.16,78.05,74.93,77.96
2026-03-19 12:00:00,77.95,80.74,77.54,78.09
2026-03-19 16:00:00,78.08,79.35,73.62,73.94
2026-03-19 20:00:00,73.94,77.89,72.73,76.66
2026-03-20 00:00:00,76.63,78.72,75.66,75.77
2026-03-20 04:00:00,75.77,80.55,75.22,79.82
2026-03-20 08:00:00,79.83,81.02,77.85,78.64
2026-03-20 12:00:00,78.65,82.14,78.49,80.81
2026-03-20 16:00:00,80.82,83.25,80.07,82.81
2026-03-20 20:00:00,82.81,87.33,81.34,87.2
2026-03-21 00:00:00,87.19,88.41,83.88,86.26
2026-03-21 04:00:00,86.28,87.08,81.06,81.55
2026-03-21 08:00:00,81.54,83.72,77.49,79.28
2026-03-21 12:00:00,79.26,79.48,75.41,77.14
2026-03-21 16:00:00,77.1,84.82,76.11,84.82
2026-03-21 20:00:00,84.8,87.78,84.11,86.69
2026-03-22 00:00:00,86.67,86.9,80.95,84.23
2026-03-22 04:00:00,84.24,87.93,82.38,82.75
2026-03-22 08:00:00,82.74,84.76,80.73,83.3
2026-03-22 12:00:00,83.29,90.66,82.0,89.82
2026-03-22 16:00:00,89.8,90.66,86.52,87.44
2026-03-22 20:00:00,87.44,89.13,85.83,88.98
2026-03-23 00:00:00,88.96,90.07,87.09,87.43
2026-03-23 04:00:00,87.45,92.18,85.82,92.01
2026-03-23 08:00:00,92.02,96.17,91.12,95.8
2026-03-23 12:00:00,95.77,100.95,95.7,96.52
2026-03-23 16:00:00,96.45,96.77,92.04,94.09
2026-03-23 20:00:00,94.06,96.86,92.98,93.61
2026-03-24 00:00:00,93.61,96.08,90.76,95.38
2026-03-24 04:00:00,95.41,95.96,90.43,92.1
2026-03-24 08:00:00,92.09,93.41,90.86,91.63
2026-03-24 12:00:00,91.6,94.79,90.83,93.86
2026-03-24 16:00:00,93.83,98.82,93.51,95.55
2026-03-24 20:00:00,95.55,96.0,92.01,95.18
2026-03-25 00:00:00,95.15,96.36,93.26,94.09
2026-03-25 04:00:00,94.09,94.99,90.84,91.88
2026-03-25 08:00:00,91.94,92.01,87.1,87.27
2026-03-25 12:00:00,87.23,87.62,81.66,82.48
2026-03-25 16:00:00,82.42,82.48,80.02,81.37
2026-03-25 20:00:00,81.39,86.25,81.15,84.5
2026-03-26 00:00:00,84.49,86.07,82.68,84.4
2026-03-26 04:00:00,84.39,86.28,81.66,84.2
2026-03-26 08:00:00,84.19,85.78,82.91,83.09
2026-03-26 12:00:00,83.08,83.89,80.67,80.9
2026-03-26 16:00:00,80.89,85.37,80.45,85.2
2026-03-26 20:00:00,85.2,85.99,81.74,82.54
2026-03-27 00:00:00,82.55,82.62,79.74,80.5
2026-03-27 04:00:00,80.51,83.17,80.26,81.39
2026-03-27 08:00:00,81.41,84.2,78.34,80.17
2026-03-27 12:00:00,80.18,81.12,78.91,80.5
2026-03-27 16:00:00,80.49,84.19,80.2,83.62
2026-03-27 20:00:00,83.61,84.04,78.61,79.83
2026-03-28 00:00:00,79.83,79.91,76.99,78.53
2026-03-28 04:00:00,78.52,78.76,72.09,72.8
2026-03-28 08:00:00,72.81,75.16,72.33,73.79
2026-03-28 12:00:00,73.8,74.6,69.97,70.07
2026-03-28 16:00:00,70.06,74.24,69.7,74.02
2026-03-28 20:00:00,74.0,76.92,73.63,76.5
2026-03-29 00:00:00,76.5,76.65,70.33,71.96
2026-03-29 04:00:00,71.97,74.4,71.15,73.2
2026-03-29 08:00:00,73.19,73.83,70.1,72.4
2026-03-29 12:00:00,72.36,73.55,70.4,70.54
2026-03-29 16:00:00,70.53,70.8,67.77,69.59
2026-03-29 20:00:00,69.61,71.54,68.56,69.46
2026-03-30 00:00:00,69.46,69.9,64.31,64.61
2026-03-30 04:00:00,64.63,66.51,63.78,65.21
2026-03-30 08:00:00,65.21,66.21,63.75,65.38
2026-03-30 12:00:00,65.39,66.29,63.08,63.81
2026-03-30 16:00:00,63.79,65.85,62.8,63.58
2026-03-30 20:00:00,63.57,63.75,61.4,63.06
2026-03-31 00:00:00,63.08,64.15,60.27,61.75
2026-03-31 04:00:00,61.76,62.92,59.62,59.88
2026-03-31 08:00:00,59.86,60.1,56.75,57.2
2026-03-31 12:00:00,57.19,58.17,55.88,57.61
2026-03-31 16:00:00,57.59,57.75,55.57,55.61
2026-03-31 20:00:00,55.61,59.18,55.25,57.93
2026-04-01 00:00:00,57.94,60.57,57.56,59.9
2026-04-01 04:00:00,59.89,60.51,57.26,57.27
2026-04-01 08:00:00,57.26,57.34,55.28,55.5
2026-04-01 12:00:00,55.49,56.31,52.98,54.08
2026-04-01 16:00:00,54.11,55.5,53.11,53.48
2026-04-01 20:00:00,53.47,54.0,49.16,49.39
2026-04-02 00:00:00,49.41,49.56,47.64,49.27
2026-04-02 04:00:00,49.27,52.08,49.15,52.03
2026-04-02 08:00:00,52.01,56.77,51.78,56.74
2026-04-02 12:00:00,56.74,57.02,53.97,54.04
2026-04-02 16:00:00,54.04,54.81,52.74,52.9
2026-04-02 20:00:00,52.9,53.5,51.43,51.52
2026-04-03 00:00:00,51.5,54.24,50.84,53.27
2026-04-03 04:00:00,53.28,53.68,51.27,53.33
2026-04-03 08:00:00,53.33,54.25,51.72,52.84
2026-04-03 12:00:00,52.84,54.49,52.39,54.0
2026-04-03 16:00:00,54.03,54.48,52.79,53.74
2026-04-03 20:00:00,53.74,60.62,53.68,60.16
2026-04-04 00:00:00,60.17,64.45,59.97,64.25
2026-04-04 04:00:00,64.24,64.43,60.61,60.63
2026-04-04 08:00:00,60.63,60.67,58.1,58.68
2026-04-04 12:00:00,58.68,59.45,55.04,55.78
2026-04-04 16:00:00,55.79,55.84,52.05,52.32
2026-04-04 20:00:00,52.32,52.68,51.0,51.22
2026-04-05 00:00:00,51.22,51.51,47.89,47.92
2026-04-05 04:00:00,47.92,48.87,45.05,45.11
2026-04-05 08:00:00,45.09,46.73,44.41,46.34
2026-04-05 12:00:00,46.32,46.37,44.49,44.66
2026-04-05 16:00:00,44.65,45.65,43.81,45.59
2026-04-05 20:00:00,45.59,45.95,43.81,45.38
2026-04-06 00:00:00,45.39,45.89,43.14,43.42
2026-04-06 04:00:00,43.43,44.07,41.71,41.93
2026-04-06 08:00:00,41.92,46.04,41.78,45.38
2026-04-06 12:00:00,45.38,48.25,44.61,48.08
2026-04-06 16:00:00,48.09,51.4,47.91,49.73
2026-04-06 20:00:00,49.76,51.43,49.32,50.56
2026-04-07 00:00:00,50.55,51.78,48.95,49.17
2026-04-07 04:00:00,49.15,49.62,47.35,48.53
2026-04-07 08:00:00,48.53,48.76,45.57,48.42
2026-04-07 12:00:00,48.44,49.16,47.69,48.12
2026-04-07 16:00:00,48.13,48.45,45.54,45.92
2026-04-07 20:00:00,45.92,48.17,45.74,47.78
2026-04-08 00:00:00,47.78,48.38,45.4,46.98
2026-04-08 04:00:00,47.0,49.02,46.43,48.35
2026-04-08 08:00:00,48.33,49.83,46.81,48.29
2026-04-08 12:00:00,48.3,48.66,45.94,47.42
2026-04-08 16:00:00,47.41,47.72,45.0,45.85
2026-04-08 20:00:00,45.85,46.08,44.71,45.28
2026-04-09 00:00:00,45.28,46.16,44.9,45.59
2026-04-09 04:00:00,45.6,46.11,43.92,44.15
2026-04-09 08:00:00,44.16,44.99,43.57,44.57
2026-04-09 12:00:00,44.57,45.31,42.87,43.75
2026-04-09 16:00:00,43.75,45.2,42.96,44.85
2026-04-09 20:00:00,44.85,48.34,44.77,46.61
2026-04-10 00:00:00,46.62,47.75,45.8,47.16
2026-04-10 04:00:00,47.17,48.08,46.64,47.8
2026-04-10 08:00:00,47.82,48.74,46.91,47.89
2026-04-10 12:00:00,47.89,48.87,46.64,46.82
2026-04-10 16:00:00,46.82,50.03,46.7,49.23
2026-04-10 20:00:00,49.23,49.35,47.14,47.71
2026-04-11 00:00:00,47.73,48.63,45.19,45.52
2026-04-11 04:00:00,45.52,46.64,44.75,46.3
2026-04-11 08:00:00,46.3,49.53,45.06,49.22
2026-04-11 12:00:00,49.23,50.8,48.84,50.62
2026-04-11 16:00:00,50.63,52.69,49.33,52.29
2026-04-11 20:00:00,52.28,52.51,47.03,47.47
2026-04-12 00:00:00,47.46,48.4,46.68,47.96
2026-04-12 04:00:00,47.97,48.88,46.54,48.74
2026-04-12 08:00:00,48.75,50.46,47.76,49.65
2026-04-12 12:00:00,49.64,50.64,48.45,49.8
2026-04-12 16:00:00,49.79,50.04,47.94,48.67
2026-04-12 20:00:00,48.67,49.53,47.58,48.76
2026-04-13 00:00:00,48.75,49.49,47.35,49.0
2026-04-13 04:00:00,48.99,49.11,47.76,48.4
2026-04-13 08:00:00,48.41,49.79,47.78,49.29
2026-04-13 12:00:00,49.28,51.36,49.09,50.58
2026-04-13 16:00:00,50.58,52.45,50.03,52.42
2026-04-13 20:00:00,52.39,52.62,49.81,50.9
2026-04-14 00:00:00,50.9,51.6,50.26,50.53
2026-04-14 04:00:00,50.52,53.13,50.2,53.09
2026-04-14 08:00:00,53.1,55.48,53.0,53.87
2026-04-14 12:00:00,53.88,56.81,53.66,55.17
2026-04-14 16:00:00,55.17,57.06,54.27,56.42
2026-04-14 20:00:00,56.41,58.01,55.75,56.64
2026-04-15 00:00:00,56.59,57.61,55.24,57.24
2026-04-15 04:00:00,57.23,59.55,56.4,58.83
2026-04-15 08:00:00,58.84,61.65,58.15,61.43
2026-04-15 12:00:00,61.39,61.69,59.22,59.25
2026-04-15 16:00:00,59.28,59.84,57.5,58.08
2026-04-15 20:00:00,58.09,59.88,56.8,58.77
2026-04-16 00:00:00,58.76,59.85,54.42,55.11
2026-04-16 04:00:00,55.13,55.51,53.73,54.74
2026-04-16 08:00:00,54.78,57.36,54.3,56.63
2026-04-16 12:00:00,56.64,56.97,55.6,55.94
2026-04-16 16:00:00,55.96,56.44,52.47,52.61
2026-04-16 20:00:00,52.59,53.36,50.26,50.92
2026-04-17 00:00:00,50.92,51.48,49.74,50.12
2026-04-17 04:00:00,50.15,50.28,46.66,46.86
2026-04-17 08:00:00,46.87,49.98,46.78,49.82
2026-04-17 12:00:00,49.83,51.98,49.09,51.98
2026-04-17 16:00:00,51.97,57.17,51.45,56.74
2026-04-17 20:00:00,56.72,56.92,54.92,55.42
2026-04-18 00:00:00,55.39,57.33,54.72,55.61
2026-04-18 04:00:00,55.64,58.16,54.71,56.89
2026-04-18 08:00:00,56.91,58.43,56.3,57.63
2026-04-18 12:00:00,57.65,60.27,55.89,60.03
2026-04-18 16:00:00,60.02,61.2,59.23,60.88
2026-04-18 20:00:00,60.91,62.4,60.03,61.58
2026-04-19 00:00:00,61.57,63.05,61.46,62.16
2026-04-19 04:00:00,62.16,62.61,60.47,61.32
2026-04-19 08:00:00,61.32,63.67,60.93,61.45
2026-04-19 12:00:00,61.44,62.5,59.93,62.43
2026-04-19 16:00:00,62.44,63.36,61.02,62.41
2026-04-19 20:00:00,62.39,64.09,59.49,59.77
2026-04-20 00:00:00,59.78,60.4,57.94,59.07
2026-04-20 04:00:00,59.1,60.08,55.55,55.7
2026-04-20 08:00:00,55.71,55.98,52.61,52.83
2026-04-20 12:00:00,52.83,55.72,52.19,55.16
2026-04-20 16:00:00,55.16,55.89,51.8,52.39
2026-04-20 20:00:00,52.39,54.1,51.06,53.95
2026-04-21 00:00:00,53.98,57.66,53.38,57.09
2026-04-21 04:00:00,57.07,58.37,56.29,56.44
2026-04-21 08:00:00,56.42,59.0,55.26,58.25
2026-04-21 12:00:00,58.23,60.04,57.61,59.56
2026-04-21 16:00:00,59.59,61.57,57.96,58.82
2026-04-21 20:00:00,58.83,59.72,58.03,58.82
2026-04-22 00:00:00,58.83,64.25,58.25,64.04
2026-04-22 04:00:00,64.03,64.99,61.09,62.43
2026-04-22 08:00:00,62.44,64.79,61.98,63.08
2026-04-22 12:00:00,63.08,66.98,62.31,66.27
2026-04-22 16:00:00,66.27,67.45,64.45,65.33
2026-04-22 20:00:00,65.32,66.13,63.84,66.09
2026-04-23 00:00:00,66.12,68.84,64.89,68.63
2026-04-23 04:00:00,68.61,69.6,67.55,69.03
2026-04-23 08:00:00,69.06,69.27,66.77,68.34
2026-04-23 12:00:00,68.34,71.64,68.1,70.21
2026-04-23 16:00:00,70.22,76.91,70.04,76.05
2026-04-23 20:00:00,76.02,79.91,75.45,78.79
2026-04-24 00:00:00,78.81,80.82,77.75,79.36
2026-04-24 04:00:00,79.37,81.6,77.4,78.44
2026-04-24 08:00:00,78.45,79.33,75.54,76.61
2026-04-24 12:00:00,76.61,80.87,75.65,79.7
2026-04-24 16:00:00,79.68,80.25,75.79,77.58
2026-04-24 20:00:00,77.59,81.9,77.04,79.8
2026-04-25 00:00:00,79.81,81.18,78.3,80.15
2026-04-25 04:00:00,80.13,82.32,78.75,79.21
2026-04-25 08:00:00,79.24,82.2,79.12,81.6
2026-04-25 12:00:00,81.59,81.71,76.05,76.36
2026-04-25 16:00:00,76.36,78.8,74.18,76.9
2026-04-25 20:00:00,76.89,78.63,76.41,76.88
2026-04-26 00:00:00,76.88,76.96,73.18,73.31
2026-04-26 04:00:00,73.32,76.15,72.75,75.22
2026-04-26 08:00:00,75.2,77.07,73.54,75.23
2026-04-26 12:00:00,75.21,80.1,74.85,79.87
2026-04-26 16:00:00,79.84,81.55,78.17,79.44
2026-04-26 20:00:00,79.44,81.59,78.94,80.4
2026-04-27 00:00:00,80.37,82.62,77.91,78.97
2026-04-27 04:00:00,78.98,79.19,76.3,78.82
2026-04-27 08:00:00,78.83,81.32,76.69,76.69
2026-04-27 12:00:00,76.69,77.67,74.05,75.57
2026-04-27 16:00:00,75.54,77.58,74.71,75.35
2026-04-27 20:00:00,75.38,79.36,75.2,78.65
2026-04-28 00:00:00,78.65,79.69,75.54,75.95
2026-04-28 04:00:00,75.93,77.65,74.14,75.3
2026-04-28 08:00:00,75.32,78.44,74.97,77.83
2026-04-28 12:00:00,77.84,82.9,76.48,82.75
2026-04-28 16:00:00,82.72,85.39,81.39,84.65
2026-04-28 20:00:00,84.64,86.11,81.18,82.14
2026-04-29 00:00:00,82.1,83.75,79.92,81.73
2026-04-29 04:00:00,81.74,84.62,77.71,77.77
2026-04-29 08:00:00,77.81,79.56,76.7,76.78
2026-04-29 12:00:00,76.8,80.06,75.41,79.23
2026-04-29 16:00:00,79.25,80.7,76.22,78.86
2026-04-29 20:00:00,78.85,79.94,75.05,75.22
2026-04-30 00:00:00,75.21,78.42,74.52,77.56
2026-04-30 04:00:00,77.58,80.54,76.37,80.32
2026-04-30 08:00:00,80.35,80.43,76.91,78.66
2026-04-30 12:00:00,78.65,78.93,75.31,76.32
2026-04-30 16:00:00,76.3,79.1,75.75,78.95
2026-04-30 20:00:00,78.98,80.97,75.1,75.12
2026-05-01 00:00:00,75.11,75.78,72.07,72.8
2026-05-01 04:00:00,72.81,75.87,71.87,75.22
2026-05-01 08:00:00,75.18,77.75,74.22,77.26
2026-05-01 12:00:00,77.28,78.78,75.31,77.66
2026-05-01 16:00:00,77.72,80.97,76.97,77.99
2026-05-01 20:00:00,77.97,79.05,72.66,72.93
2026-05-02 00:00:00,72.92,77.1,71.96,75.88
2026-05-02 04:00:00,75.87,76.59,72.79,73.75
2026-05-02 08:00:00,73.76,78.0,72.76,77.42
2026-05-02 12:00:00,77.44,77.66,71.73,73.2
2026-05-02 16:00:00,73.17,74.62,70.58,71.62
2026-05-02 20:00:00,71.59,72.68,69.69,69.88
2026-05-03 00:00:00,69.86,69.89,66.62,68.34
2026-05-03 04:00:00,68.36,70.66,67.95,69.19
2026-05-03 08:00:00,69.2,71.9,68.81,70.85
2026-05-03 12:00:00,70.84,72.06,69.65,71.7
2026-05-03 16:00:00,71.69,73.52,69.71,70.04
2026-05-03 20:00:00,70.05,74.04,69.78,72.16
2026-05-04 00:00:00,72.16,73.33,69.79,69.94
2026-05-04 04:00:00,69.93,72.06,67.84,68.09
2026-05-04 08:00:00,68.1,69.54,66.69,68.23
2026-05-04 12:00:00,68.23,68.59,65.94,66.98
2026-05-04 16:00:00,66.98,67.53,64.61,65.17
2026-05-04 20:00:00,65.17,67.62,64.21,67.23
2026-05-05 00:00:00,67.22,67.76,65.62,65.98
2026-05-05 04:00:00,65.99,66.75,64.01,65.47
2026-05-05 08:00:00,65.48,66.19,64.15,65.59
2026-05-05 12:00:00,65.6,67.61,63.76,64.03
2026-05-05 16:00:00,64.03,65.16,63.58,63.93
2026-05-05 20:00:00,63.93,64.56,62.13,62.91
2026-05-06 00:00:00,62.91,64.3,61.92,62.07
2026-05-06 04:00:00,62.06,65.39,61.78,64.49
2026-05-06 08:00:00,64.48,65.28,60.75,61.14
2026-05-06 12:00:00,61.14,62.76,59.24,60.84
2026-05-06 16:00:00,60.84,65.08,60.79,64.31
2026-05-06 20:00:00,64.32,66.8,63.58,65.59
2026-05-07 00:00:00,65.6,65.92,62.42,63.6
2026-05-07 04:00:00,63.62,64.72,62.39,62.64
2026-05-07 08:00:00,62.62,63.62,60.81,63.54
2026-05-07 12:00:00,63.57,64.95,62.88,62.89
2026-05-07 16:00:00,62.89,65.56,61.54,65.48
2026-05-07 20:00:00,65.48,66.5,63.58,63.58
2026-05-08 00:00:00,63.59,63.61,61.26,61.91
2026-05-08 04:00:00,61.9,63.18,61.07,61.82
2026-05-08 08:00:00,61.83,62.02,58.88,60.6
2026-05-08 12:00:00,60.59,61.97,60.25,60.86
2026-05-08 16:00:00,60.82,61.85,59.22,59.25
2026-05-08 20:00:00,59.26,60.52,58.63,59.33
2026-05-09 00:00:00,59.35,62.84,58.5,62.5
2026-05-09 04:00:00,62.52,64.21,60.9,60.98
2026-05-09 08:00:00,60.99,61.32,59.35,59.88
2026-05-09 12:00:00,59.88,61.94,58.63,61.89
2026-05-09 16:00:00,61.87,62.71,58.22,60.25
2026-05-09 20:00:00,60.28,60.76,58.16,59.49
2026-05-10 00:00:00,59.5,61.18,59.04,59.35
2026-05-10 04:00:00,59.36,61.1,58.31,60.69
2026-05-10 08:00:00,60.69,62.4,59.9,59.94
2026-05-10 12:00:00,59.94,60.27,56.51,57.88
2026-05-10 16:00:00,57.87,61.2,57.1,60.75
2026-05-10 20:00:00,60.74,62.09,58.75,59.2
2026-05-11 00:00:00,59.19,61.23,58.79,61.01
2026-05-11 04:00:00,61.0,61.59,58.35,60.73
2026-05-11 08:00:00,60.73,60.89,57.38,58.6
2026-05-11 12:00:00,58.6,61.39,57.45,58.36
2026-05-11 16:00:00,58.34,60.38,57.1,59.86
2026-05-11 20:00:00,59.89,62.17,59.17,59.26
2026-05-12 00:00:00,59.21,62.07,58.53,61.83
2026-05-12 04:00:00,61.84,62.02,59.91,61.02
2026-05-12 08:00:00,61.0,61.57,59.3,59.93
2026-05-12 12:00:00,59.91,60.68,58.06,58.34
2026-05-12 16:00:00,58.34,58.63,56.47,56.96
2026-05-12 20:00:00,56.95,59.18,56.07,58.44
2026-05-13 00:00:00,58.45,63.28,57.31,63.19
2026-05-13 04:00:00,63.18,63.48,61.32,61.68
2026-05-13 08:00:00,61.68,62.57,59.67,61.1
2026-05-13 12:00:00,61.11,65.46,60.38,64.44
2026-05-13 16:00:00,64.43,65.21,62.05,62.88
2026-05-13 20:00:00,62.88,65.95,62.74,65.67
2026-05-14 00:00:00,65.69,68.55,65.12,67.76
2026-05-14 04:00:00,67.77,69.86,64.81,66.09
2026-05-14 08:00:00,66.14,66.66,63.93,64.12
2026-05-14 12:00:00,64.12,68.21,63.82,66.34
2026-05-14 16:00:00,66.36,66.82,63.64,63.71
2026-05-14 20:00:00,63.69,64.95,61.77,62.85
2026-05-15 00:00:00,62.87,68.17,62.81,67.26
2026-05-15 04:00:00,67.27,68.22,65.65,67.57
2026-05-15 08:00:00,67.55,69.14,66.97,68.05
2026-05-15 12:00:00,68.04,68.11,63.92,64.92
2026-05-15 16:00:00,64.91,66.48,64.11,65.55
2026-05-15 20:00:00,65.52,68.97,64.89,68.7
2026-05-16 00:00:00,68.67,70.01,66.85,67.73
2026-05-16 04:00:00,67.7,70.46,66.66,68.81
2026-05-16 08:00:00,68.79,68.87,65.95,66.2
2026-05-16 12:00:00,66.21,67.86,65.69,66.99
2026-05-16 16:00:00,66.99,67.08,63.79,64.6
2026-05-16 20:00:00,64.6,68.6,63.96,67.83
2026-05-17 00:00:00,67.83,71.74,67.52,70.08
2026-05-17 04:00:00,70.07,74.0,69.5,73.4
2026-05-17 08:00:00,73.38,75.13,72.63,72.87
2026-05-17 12:00:00,72.85,73.23,68.13,68.43
2026-05-17 16:00:00,68.4,69.86,67.33,69.7
2026-05-17 20:00:00,69.68,72.17,69.39,70.93
2026-05-18 00:00:00,70.89,70.91,67.35,67.95
2026-05-18 04:00:00,67.92,67.97,64.95,65.23
2026-05-18 08:00:00,65.21,65.22,62.18,63.73
2026-05-18 12:00:00,63.69,64.1,58.72,58.79
2026-05-18 16:00:00,58.78,61.63,58.72,60.56
2026-05-18 20:00:00,60.57,62.39,60.12,61.85
2026-05-19 00:00:00,61.84,64.02,61.67,63.43
2026-05-19 04:00:00,63.44,65.35,62.42,62.6
2026-05-19 08:00:00,62.58,64.58,61.04,61.19
2026-05-19 12:00:00,61.18,62.12,59.41,61.95
2026-05-19 16:00:00,61.96,62.39,59.14,59.72
2026-05-19 20:00:00,59.74,61.22,59.32,59.55
2026-05-20 00:00:00,59.57,60.99,58.97,60.73
2026-05-20 04:00:00,60.74,62.09,59.85,61.79
2026-05-20 08:00:00,61.81,64.64,60.88,62.99
2026-05-20 12:00:00,62.97,68.62,62.94,68.44
2026-05-20 16:00:00,68.44,68.89,66.0,68.2
2026-05-20 20:00:00,68.19,70.88,67.76,70.5
2026-05-21 00:00:00,70.49,71.7,67.91,68.17
2026-05-21 04:00:00,68.19,69.72,66.7,66.84
2026-05-21 08:00:00,66.85,69.18,65.61,67.01
2026-05-21 12:00:00,67.01,67.57,64.27,65.61
2026-05-21 16:00:00,65.6,66.26,64.2,65.03
2026-05-21 20:00:00,65.03,66.44,64.02,64.22
2026-05-22 00:00:00,64.21,65.15,62.76,63.71
2026-05-22 04:00:00,63.7,66.41,63.02,65.84
2026-05-22 08:00:00,65.85,67.24,63.87,64.96
2026-05-22 12:00:00,64.95,70.59,64.19,70.17
2026-05-22 16:00:00,70.17,74.57,69.43,73.83
2026-05-22 20:00:00,73.86,74.43,71.49,73.36
2026-05-23 00:00:00,73.38,74.3,71.59,72.23
2026-05-23 04:00:00,72.24,74.71,71.1,72.96
2026-05-23 08:00:00,72.99,75.45,71.95,74.73
2026-05-23 12:00:00,74.76,81.61,74.1,81.49
2026-05-23 16:00:00,81.46,82.38,79.77,81.63
2026-05-23 20:00:00,81.66,84.41,81.29,83.31
2026-05-24 00:00:00,83.31,83.44,79.31,79.71
2026-05-24 04:00:00,79.72,79.82,76.66,77.98
2026-05-24 08:00:00,77.97,79.81,76.27,79.36
2026-05-24 12:00:00,79.37,80.14,76.83,77.05
2026-05-24 16:00:00,77.08,78.05,75.27,75.69
2026-05-24 20:00:00,75.69,77.36,75.0,76.27
2026-05-25 00:00:00,76.27,83.26,75.89,82.82
2026-05-25 04:00:00,82.83,84.48,81.97,83.66
2026-05-25 08:00:00,83.66,85.31,81.83,83.9
2026-05-25 12:00:00,83.9,84.24,80.8,81.91
2026-05-25 16:00:00,81.94,83.41,80.88,81.18
2026-05-25 20:00:00,81.21,81.52,77.74,78.88
2026-05-26 00:00:00,78.89,79.97,77.08,77.87
2026-05-26 04:00:00,77.89,79.95,75.99,79.87
2026-05-26 08:00:00,79.86,81.49,78.17,79.9
2026-05-26 12:00:00,79.88,82.28,79.24,80.3
2026-05-26 16:00:00,80.35,88.53,79.76,87.25
2026-05-26 20:00:00,87.25,89.65,86.6,87.89
2026-05-27 00:00:00,87.89,87.89,83.44,83.52
2026-05-27 04:00:00,83.52,84.91,80.92,82.54
2026-05-27 08:00:00,82.54,83.26,80.17,81.34
2026-05-27 12:00:00,81.36,82.54,77.11,77.52
2026-05-27 16:00:00,77.54,77.84,73.99,77.02
2026-05-27 20:00:00,77.07,77.2,72.79,74.99
2026-05-28 00:00:00,75.02,75.63,71.47,71.76
2026-05-28 04:00:00,71.76,73.47,70.84,73.16
2026-05-28 08:00:00,73.15,75.79,72.2,75.72
2026-05-28 12:00:00,75.78,78.85,75.11,77.71
2026-05-28 16:00:00,77.69,83.82,76.02,83.69
2026-05-28 20:00:00,83.71,85.33,81.12,84.65
2026-05-29 00:00:00,84.64,85.53,80.07,81.02
2026-05-29 04:00:00,81.01,82.75,79.42,80.9
2026-05-29 08:00:00,80.92,82.54,79.08,79.22
2026-05-29 12:00:00,79.22,79.71,77.19,78.24
2026-05-29 16:00:00,78.21,80.95,76.75,80.53
2026-05-29 20:00:00,80.52,82.21,79.55,80.46
2026-05-30 00:00:00,80.49,80.79,76.69,80.07
2026-05-30 04:00:00,80.09,84.38,80.0,84.33
2026-05-30 08:00:00,84.32,84.47,76.47,78.22
2026-05-30 12:00:00,78.27,82.07,77.96,79.74
2026-05-30 16:00:00,79.76,82.6,78.65,80.79
2026-05-30 20:00:00,80.76,81.41,77.18,79.97
2026-05-31 00:00:00,79.96,82.08,78.04,81.62
2026-05-31 04:00:00,81.63,82.17,78.8,79.02
2026-05-31 08:00:00,79.0,81.72,77.53,80.85
2026-05-31 12:00:00,80.85,82.22,79.13,80.96
2026-05-31 16:00:00,80.99,85.07,80.98,84.33
2026-05-31 20:00:00,84.35,85.65,82.5,83.67
2026-06-01 00:00:00,83.65,84.21,79.06,79.33
2026-06-01 04:00:00,79.3,82.92,79.19,82.69
2026-06-01 08:00:00,82.72,87.96,82.43,87.45
2026-06-01 12:00:00,87.46,90.1,85.57,89.74
2026-06-01 16:00:00,89.73,91.94,87.08,88.36
2026-06-01 20:00:00,88.45,90.75,87.99,90.25
2026-06-02 00:00:00,90.23,93.97,88.08,91.97
2026-06-02 04:00:00,91.96,95.02,91.06,94.37
2026-06-02 08:00:00,94.36,94.36,89.27,93.2
2026-06-02 12:00:00,93.23,93.52,90.5,93.1
2026-06-02 16:00:00,93.12,95.5,91.99,92.25
2026-06-02 20:00:00,92.25,93.07,89.75,92.66
2026-06-03 00:00:00,92.65,93.75,91.58,92.51
2026-06-03 04:00:00,92.49,97.45,90.82,97.37
2026-06-03 08:00:00,97.38,98.86,92.71,94.85
2026-06-03 12:00:00,94.9,98.36,93.51,97.79
2026-06-03 16:00:00,97.73,100.23,96.81,97.16
2026-06-03 20:00:00,97.21,98.37,90.6,91.68
2026-06-04 00:00:00,91.7,94.11,89.59,89.72
2026-06-04 04:00:00,89.65,93.88,89.32,93.2
2026-06-04 08:00:00,93.18,95.72,91.48,93.26
2026-06-04 12:00:00,93.26,96.17,92.54,94.18
2026-06-04 16:00:00,94.14,94.49,87.92,91.36
2026-06-04 20:00:00,91.4,93.36,89.67,89.78
2026-06-05 00:00:00,89.74,90.6,85.5,85.5
2026-06-05 04:00:00,85.51,86.76,82.46,82.9
2026-06-05 08:00:00,82.86,86.43,80.95,85.09
2026-06-05 12:00:00,85.07,87.16,82.36,86.81
2026-06-05 16:00:00,86.8,87.74,84.24,84.43
2026-06-05 20:00:00,84.42,85.98,82.21,83.56
2026-06-06 00:00:00,83.56,84.68,80.42,81.97
2026-06-06 04:00:00,82.0,82.37,78.59,81.06
2026-06-06 08:00:00,81.08,82.16,79.67,81.5
2026-06-06 12:00:00,81.51,86.26,81.14,84.41
2026-06-06 16:00:00,84.43,89.67,83.31,88.51
2026-06-06 20:00:00,88.56,88.83,84.71,87.12
2026-06-07 00:00:00,87.15,90.47,85.07,90.42
2026-06-07 04:00:00,90.39,91.71,87.31,91.7
2026-06-07 08:00:00,91.7,91.92,84.84,85.47
2026-06-07 12:00:00,85.46,88.61,84.14,87.43
2026-06-07 16:00:00,87.39,87.39,83.43,85.11
2026-06-07 20:00:00,85.12,86.66,82.64,84.91
2026-06-08 00:00:00,84.91,85.99,82.02,83.12
2026-06-08 04:00:00,83.14,87.02,82.59,84.05
2026-06-08 08:00:00,84.04,86.34,83.57,86.18
2026-06-08 12:00:00,86.21,89.34,86.11,88.36
2026-06-08 16:00:00,88.35,89.21,83.0,85.8
2026-06-08 20:00:00,85.79,88.31,85.25,85.49
2026-06-09 00:00:00,85.46,92.65,85.46,91.08
2026-06-09 04:00:00,91.12,93.22,90.5,90.75
2026-06-09 08:00:00,90.73,91.65,87.9,88.29
2026-06-09 12:00:00,88.29,90.93,86.83,86.94
2026-06-09 16:00:00,86.98,91.32,86.59,90.7
2026-06-09 20:00:00,90.72,92.55,90.07,90.16
2026-06-10 00:00:00,90.19,92.36,86.93,87.64
2026-06-10 04:00:00,87.69,89.77,86.42,87.26
2026-06-10 08:00:00,87.23,88.92,83.53,83.99
2026-06-10 12:00:00,83.98,85.18,81.83,83.53
2026-06-10 16:00:00,83.58,85.77,82.21,84.41
2026-06-10 20:00:00,84.39,84.49,79.85,81.63
2026-06-11 00:00:00,81.65,86.82,81.11,86.47
2026-06-11 04:00:00,86.49,87.82,84.11,86.0
2026-06-11 08:00:00,86.0,91.46,85.53,90.3
2026-06-11 12:00:00,90.35,93.85,89.1,93.79
2026-06-11 16:00:00,93.79,98.77,93.15,97.55
2026-06-11 20:00:00,97.49,98.99,95.58,98.18
2026-06-12 00:00:00,98.17,98.53,93.53,93.73
2026-06-12 04:00:00,93.78,94.81,91.47,93.09
2026-06-12 08:00:00,93.05,97.37,91.07,96.28
2026-06-12 12:00:00,96.27,98.35,94.65,98.09
2026-06-12 16:00:00,98.12,98.18,94.37,94.55
2026-06-12 20:00:00,94.61,97.14,91.75,96.56
2026-06-13 00:00:00,96.57,99.93,96.02,97.35
2026-06-13 04:00:00,97.4,100.0,94.85,97.68
2026-06-13 08:00:00,97.67,98.58,93.82,97.69
2026-06-13 12:00:00,97.67,99.32,95.41,99.32
2026-06-13 16:00:00,99.32,101.29,97.2,97.22
2026-06-13 20:00:00,97.26,98.14,94.29,96.27
2026-06-14 00:00:00,96.26,98.05,91.24,91.39
2026-06-14 04:00:00,91.39,93.85,88.48,90.6
2026-06-14 08:00:00,90.65,95.21,90.43,93.5
2026-06-14 12:00:00,93.48,96.24,92.66,94.39
2026-06-14 16:00:00,94.4,96.9,93.32,93.61
2026-06-14 20:00:00,93.6,96.52,90.76,93.57
2026-06-15 00:00:00,93.57,99.11,93.27,98.31
2026-06-15 04:00:00,98.29,99.47,96.39,98.1
2026-06-15 08:00:00,98.09,99.1,95.74,97.0
2026-06-15 12:00:00,97.03,99.05,95.84,98.77
2026-06-15 16:00:00,98.78,106.9,98.43,106.07
2026-06-15 20:00:00,106.07,112.79,104.41,112.6
2026-06-16 00:00:00,112.62,116.71,111.9,112.54
2026-06-16 04:00:00,112.51,116.39,112.45,114.06
2026-06-16 08:00:00,114.09,122.9,114.03,121.65
2026-06-16 12:00:00,121.63,122.72,117.34,119.5
2026-06-16 16:00:00,119.54,122.23,118.38,120.99
2026-06-16 20:00:00,121.01,123.53,119.49,121.73
2026-06-17 00:00:00,121.7,121.86,114.15,118.74
2026-06-17 04:00:00,118.79,118.79,111.11,113.26
2026-06-17 08:00:00,113.23,117.37,111.82,115.38
2026-06-17 12:00:00,115.37,120.09,115.34,119.42
2026-06-17 16:00:00,119.36,121.4,108.81,109.2
2026-06-17 20:00:00,109.2,114.52,108.94,109.43
2026-06-18 00:00:00,109.51,110.2,107.66,109.58
2026-06-18 04:00:00,109.57,117.92,107.86,115.81
2026-06-18 08:00:00,115.79,117.68,112.66,116.71
2026-06-18 12:00:00,116.65,116.78,110.33,110.48
2026-06-18 16:00:00,110.51,113.4,107.91,108.08
2026-06-18 20:00:00,108.11,108.69,104.72,104.95
2026-06-19 00:00:00,104.94,106.61,103.07,105.22
2026-06-19 04:00:00,105.27,108.02,103.52,107.04
2026-06-19 08:00:00,106.98,108.74,102.59,104.81
2026-06-19 12:00:00,104.81,106.36,101.03,104.19
2026-06-19 16:00:00,104.25,106.03,100.76,105.89
2026-06-19 20:00:00,105.89,109.27,104.53,109.23
2026-06-20 00:00:00,109.18,110.46,104.65,106.78
2026-06-20 04:00:00,106.79,107.87,103.73,104.79
2026-06-20 08:00:00,104.81,105.3,97.03,98.26
2026-06-20 12:00:00,98.28,98.61,94.48,95.93
2026-06-20 16:00:00,95.94,98.43,94.15,94.62
2026-06-20 20:00:00,94.6,97.4,93.46,96.63
2026-06-21 00:00:00,96.66,99.33,93.05,95.19
2026-06-21 04:00:00,95.26,96.16,91.59,93.02
2026-06-21 08:00:00,92.99,95.37,89.98,91.9
2026-06-21 12:00:00,91.9,94.15,90.48,90.62
2026-06-21 16:00:00,90.63,95.13,89.63,94.9
2026-06-21 20:00:00,94.9,96.52,93.41,96.29
2026-06-22 00:00:00,96.25,97.15,92.99,93.89
2026-06-22 04:00:00,93.86,94.22,87.87,89.06
2026-06-22 08:00:00,89.07,89.3,85.01,85.54
2026-06-22 12:00:00,85.57,86.45,82.34,82.63
2026-06-22 16:00:00,82.63,89.87,82.54,87.71
2026-06-22 20:00:00,87.73,88.31,83.58,85.41
2026-06-23 00:00:00,85.42,85.72,82.41,84.72
2026-06-23 04:00:00,84.71,86.66,83.77,86.59
2026-06-23 08:00:00,86.57,88.26,85.2,87.22
2026-06-23 12:00:00,87.21,89.16,86.06,88.38
2026-06-23 16:00:00,88.38,88.39,82.63,83.96
2026-06-23 20:00:00,83.97,85.25,80.56,85.17
2026-06-24 00:00:00,85.17,85.19,77.39,78.2
2026-06-24 04:00:00,78.18,78.67,74.67,76.81
2026-06-24 08:00:00,76.79,78.26,74.47,77.14
2026-06-24 12:00:00,77.13,77.24,73.85,74.35
2026-06-24 16:00:00,74.37,80.83,73.42,79.39
2026-06-24 20:00:00,79.37,81.68,78.87,79.96
2026-06-25 00:00:00,79.97,86.28,79.85,83.02
2026-06-25 04:00:00,83.03,86.76,82.53,86.44
2026-06-25 08:00:00,86.42,88.14,83.38,86.59
2026-06-25 12:00:00,86.62,86.62,81.75,82.22
2026-06-25 16:00:00,82.22,83.11,79.29,80.97
2026-06-25 20:00:00,80.99,81.3,75.96,76.25
2026-06-26 00:00:00,76.27,78.23,76.05,77.9
2026-06-26 04:00:00,77.89,81.73,76.45,81.39
2026-06-26 08:00:00,81.42,83.86,78.68,78.81
2026-06-26 12:00:00,78.8,81.34,77.71,80.57
2026-06-26 16:00:00,80.56,81.29,76.05,77.13
2026-06-26 20:00:00,77.11,79.13,75.82,76.8
2026-06-27 00:00:00,76.8,78.88,75.99,76.46
2026-06-27 04:00:00,76.46,76.84,72.08,72.68
2026-06-27 08:00:00,72.69,74.34,71.62,72.46
2026-06-27 12:00:00,72.48,73.28,70.02,72.21
2026-06-27 16:00:00,72.24,75.57,71.75,75.38
2026-06-27 20:00:00,75.38,78.3,74.47,77.77
2026-06-28 00:00:00,77.76,78.36,75.42,76.33
2026-06-28 04:00:00,76.31,76.53,70.66,70.96
2026-06-28 08:00:00,70.94,71.94,68.0,69.52
2026-06-28 12:00:00,69.55,70.8,67.85,69.7
2026-06-28 16:00:00,69.7,71.19,68.32,68.33
2026-06-28 20:00:00,68.32,69.24,67.09,67.95
2026-06-29 00:00:00,67.97,73.69,67.48,71.51
2026-06-29 04:00:00,71.5,72.22,69.51,70.48
2026-06-29 08:00:00,70.46,70.78,64.07,65.43
2026-06-29 12:00:00,65.43,66.3,63.52,65.25
2026-06-29 16:00:00,65.27,66.82,64.47,66.42
2026-06-29 20:00:00,66.41,68.33,65.96,66.67
2026-06-30 00:00:00,66.68,68.03,64.57,64.77
2026-06-30 04:00:00,64.77,66.34,63.85,65.39
2026-06-30 08:00:00,65.39,66.23,62.57,62.69
2026-06-30 12:00:00,62.67,63.36,58.92,59.34
2026-06-30 16:00:00,59.36,60.44,58.57,60.36
2026-06-30 20:00:00,60.38,64.81,60.32,64.52
2026-07-01 00:00:00,64.53,67.77,63.62,63.82
2026-07-01 04:00:00,63.81,67.11,63.69,67.11
2026-07-01 08:00:00,67.09,68.27,66.06,66.25
2026-07-01 12:00:00,66.22,67.28,64.99,67.13
2026-07-01 16:00:00,67.15,67.6,63.84,64.67
2026-07-01 20:00:00,64.67,66.07,63.69,63.96
2026-07-02 00:00:00,63.97,66.29,62.7,65.7
2026-07-02 04:00:00,65.7,68.04,64.33,67.57
2026-07-02 08:00:00,67.59,67.66,63.64,64.11
2026-07-02 12:00:00,64.12,67.16,63.78,65.23
2026-07-02 16:00:00,65.24,67.63,64.8,65.27
2026-07-02 20:00:00,65.26,65.39,61.59,61.84
2026-07-03 00:00:00,61.85,62.31,58.07,58.6
2026-07-03 04:00:00,58.6,58.97,56.67,56.92
2026-07-03 08:00:00,56.92,58.36,55.72,56.23
2026-07-03 12:00:00,56.23,56.26,52.63,53.02
2026-07-03 16:00:00,53.04,53.6,51.0,52.71
2026-07-03 20:00:00,52.71,52.71,48.0,48.18
2026-07-04 00:00:00,48.22,48.47,45.18,46.18
2026-07-04 04:00:00,46.18,47.14,45.38,46.38
2026-07-04 08:00:00,46.37,48.49,46.12,48.18
2026-07-04 12:00:00,48.19,48.43,46.0,46.52
2026-07-04 16:00:00,46.51,47.62,45.38,46.19
2026-07-04 20:00:00,46.19,47.41,44.91,45.66
2026-07-05 00:00:00,45.66,46.54,45.22,45.94
2026-07-05 04:00:00,45.92,48.15,45.48,47.7
2026-07-05 08:00:00,47.69,49.59,47.35,48.55
2026-07-05 12:00:00,48.53,50.45,48.06,48.86
2026-07-05 16:00:00,48.86,49.32,46.59,47.05
2026-07-05 20:00:00,47.04,48.13,44.9,45.23
2026-07-06 00:00:00,45.22,45.68,43.97,44.96
2026-07-06 04:00:00,44.96,46.21,44.79,45.37
2026-07-06 08:00:00,45.39,46.33,44.62,45.48
2026-07-06 12:00:00,45.47,47.08,45.16,46.98
2026-07-06 16:00:00,47.0,49.28,46.44,48.97
2026-07-06 20:00:00,48.96,52.7,48.93,52.2
2026-07-07 00:00:00,52.18,53.39,51.64,52.21
2026-07-07 04:00:00,52.23,52.23,49.51,49.56
2026-07-07 08:00:00,49.57,49.87,47.98,49.48
2026-07-07 12:00:00,49.5,50.02,46.27,46.28
2026-07-07 16:00:00,46.3,46.6,45.13,45.54
2026-07-07 20:00:00,45.55,46.33,43.89,45.86
2026-07-08 00:00:00,45.84,46.13,45.02,45.31
2026-07-08 04:00:00,45.34,47.24,44.68,45.92
2026-07-08 08:00:00,45.9,47.46,45.59,47.31
2026-07-08 12:00:00,47.31,47.36,43.9,43.98
2026-07-08 16:00:00,44.0,45.2,43.03,44.7
2026-07-08 20:00:00,44.7,45.53,43.84,43.93
2026-07-09 00:00:00,43.93,44.57,42.66,43.39
2026-07-09 04:00:00,43.39,45.85,43.38,45.19
2026-07-09 08:00:00,45.16,45.82,44.08,45.14
2026-07-09 12:00:00,45.15,47.06,44.53,46.89
2026-07-09 16:00:00,46.89,48.72,46.77,47.89
2026-07-09 20:00:00,47.89,48.18,46.17,47.09
2026-07-10 00:00:00,47.07,47.92,45.77,46.97
2026-07-10 04:00:00,46.96,48.43,46.77,47.79
2026-07-10 08:00:00,47.79,49.34,47.34,47.83
2026-07-10 12:00:00,47.82,48.08,44.04,44.48
2026-07-10 16:00:00,44.48,47.61,43.93,47.4
2026-07-10 20:00:00,47.4,49.45,47.1,49.07
2026-07-11 00:00:00,49.05,49.88,48.33,48.84
2026-07-11 04:00:00,48.83,49.52,47.13,47.33
2026-07-11 08:00:00,47.33,47.57,44.46,45.25
2026-07-11 12:00:00,45.25,46.09,43.94,45.8
2026-07-11 16:00:00,45.82,47.57,45.44,47.34
2026-07-11 20:00:00,47.32,51.01,47.23,50.87
2026-07-12 00:00:00,50.88,51.01,48.69,48.89
2026-07-12 04:00:00,48.89,49.87,48.0,48.31
2026-07-12 08:00:00,48.29,48.88,47.12,47.97
2026-07-12 12:00:00,47.95,48.68,45.68,45.77
2026-07-12 16:00:00,45.78,46.42,43.59,43.62
2026-07-12 20:00:00,43.62,43.92,42.18,42.68
2026-07-13 00:00:00,42.69,42.94,40.42,40.91
2026-07-13 04:00:00,40.91,41.89,39.32,39.77
2026-07-13 08:00:00,39.76,41.0,39.37,40.4
2026-07-13 12:00:00,40.41,40.46,39.06,40.08
2026-07-13 16:00:00,40.06,40.1,38.27,39.14
2026-07-13 20:00:00,39.13,39.19,36.53,36.62
2026-07-14 00:00:00,36.61,37.19,35.87,36.92
2026-07-14 04:00:00,36.92,39.23,36.6,38.71
2026-07-14 08:00:00,38.71,40.53,38.53,40.39
2026-07-14 12:00:00,40.39,40.85,37.81,37.91
2026-07-14 16:00:00,37.91,38.81,37.5,38.72
2026-07-14 20:00:00,38.74,38.88,37.52,37.82
2026-07-15 00:00:00,37.82,37.87,35.26,36.14
2026-07-15 04:00:00,36.14,37.43,35.4,37.37
2026-07-15 08:00:00,37.37,39.05,37.02,38.94
2026-07-15 12:00:00,38.94,39.71,38.52,39.42
2026-07-15 16:00:00,39.41,41.41,39.39,41.15
2026-07-15 20:00:00,41.15,42.95,40.26,42.88
2026-07-16 00:00:00,42.88,43.87,41.59,41.82
2026-07-16 04:00:00,41.83,42.09,40.85,40.9
2026-07-16 08:00:00,40.91,42.91,40.8,42.65
2026-07-16 12:00:00,42.65,44.93,42.38,43.72
2026-07-16 16:00:00,43.73,44.87,43.24,43.64
2026-07-16 20:00:00,43.63,45.44,43.61,45.1
2026-07-17 00:00:00,45.11,45.35,42.15,42.35
2026-07-17 04:00:00,42.34,42.45,40.73,40.78
2026-07-17 08:00:00,40.78,43.09,40.56,43.01
2026-07-17 12:00:00,43.02,44.67,42.87,43.46
2026-07-17 16:00:00,43.47,43.93,41.62,41.8
2026-07-17 20:00:00,41.81,43.12,41.3,43.01
2026-07-18 00:00:00,43.01,43.86,42.01,42.51
2026-07-18 04:00:00,42.5,45.95,41.89,45.94
2026-07-18 08:00:00,45.94,47.19,45.07,45.59
2026-07-18 12:00:00,45.58,47.7,44.52,47.2
2026-07-18 16:00:00,47.18,49.79,46.74,49.03
2026-07-18 20:00:00,49.03,52.07,47.9,50.45
2026-07-19 00:00:00,50.43,50.47,48.2,48.4
2026-07-19 04:00:00,48.4,50.5,48.26,49.95
2026-07-19 08:00:00,49.95,51.2,49.31,51.2
2026-07-19 12:00:00,51.19,53.52,50.12,52.41
2026-07-19 16:00:00,52.41,53.54,51.16,52.48
2026-07-19 20:00:00,52.47,54.67,52.21,53.06
2026-07-20 00:00:00,53.05,55.24,52.93,55.15
2026-07-20 04:00:00,55.18,56.37,53.28,54.25
2026-07-20 08:00:00,54.28,54.73,52.88,54.19
2026-07-20 12:00:00,54.19,55.23,53.32,54.89
2026-07-20 16:00:00,54.89,55.91,52.97,53.73
2026-07-20 20:00:00,53.74,54.19,50.58,50.58
2026-07-21 00:00:00,50.57,50.66,48.89,49.69
2026-07-21 04:00:00,49.67,53.2,49.32,52.76
2026-07-21 08:00:00,52.77,53.73,51.61,53.6
2026-07-21 12:00:00,53.57,54.68,52.5,54.09
2026-07-21 16:00:00,54.09,56.58,53.5,56.58
2026-07-21 20:00:00,56.59,57.56,54.33,55.9
2026-07-22 00:00:00,55.92,56.29,54.16,54.53
2026-07-22 04:00:00,54.56,54.78,52.25,53.2
2026-07-22 08:00:00,53.19,53.78,51.62,52.04
2026-07-22 12:00:00,52.06,52.28,50.78,52.0
2026-07-22 16:00:00,52.01,54.96,52.0,54.65
2026-07-22 20:00:00,54.63,55.28,53.16,54.18
2026-07-23 00:00:00,54.16,54.51,52.48,53.6
2026-07-23 04:00:00,53.64,53.88,50.29,50.39
2026-07-23 08:00:00,50.37,50.72,47.47,47.57
2026-07-23 12:00:00,47.54,50.35,47.1,50.35
2026-07-23 16:00:00,50.36,50.73,47.66,48.49
2026-07-23 20:00:00,48.48,49.26,45.02,46.34
2026-07-24 00:00:00,46.34,47.44,45.95,47.14
2026-07-24 04:00:00,47.16,48.75,47.15,47.91
2026-07-24 08:00:00,47.94,48.35,44.7,45.06
2026-07-24 12:00:00,45.05,45.47,44.0,44.56
2026-07-24 16:00:00,44.55,45.43,43.55,45.39
2026-07-24 20:00:00,45.41,46.97,44.0,44.07
2026-07-25 00:00:00,44.07,45.19,43.26,43.38
2026-07-25 04:00:00,43.39,43.8,41.15,41.67
2026-07-25 08:00:00,41.67,42.63,41.18,42.06
2026-07-25 12:00:00,42.05,42.62,40.36,41.14
2026-07-25 16:00:00,41.13,41.48,38.57,39.3
2026-07-25 20:00:00,39.28,39.29,36.36,36.52
2026-07-26 00:00:00,36.51,37.63,35.42,35.63
2026-07-26 04:00:00,35.64,36.73,35.17,36.53
2026-07-26 08:00:00,36.52,37.92,35.36,37.22
2026-07-26 12:00:00,37.22,37.62,34.66,35.08
2026-07-26 16:00:00,35.09,35.78,34.43,35.49
2026-07-26 20:00:00,35.51,35.93,34.87,35.5
2026-07-27 00:00:00,35.49,35.86,33.9,35.09
2026-07-27 04:00:00,35.1,35.39,33.67,33.73
2026-07-27 08:00:00,33.73,35.18,33.57,34.7
2026-07-27 12:00:00,34.71,35.76,34.04,35.09
2026-07-27 16:00:00,35.09,35.79,34.2,34.85
2026-07-27 20:00:00,34.84,39.01,34.76,39.01
2026-07-28 00:00:00,39.02,39.23,37.3,38.05
2026-07-28 04:00:00,38.03,39.33,37.08,39.01
2026-07-28 08:00:00,39.0,41.46,38.56,40.5
2026-07-28 12:00:00,40.49,41.34,39.26,40.1
2026-07-28 16:00:00,40.08,41.82,39.35,40.97
2026-07-28 20:00:00,40.96,41.25,39.88,39.89
2026-07-29 00:00:00,39.89,40.59,39.43,39.59
2026-07-29 04:00:00,39.6,39.98,38.28,39.04
2026-07-29 08:00:00,39.05,39.05,36.61,38.15
2026-07-29 12:00:00,38.14,38.5,36.22,37.24
2026-07-29 16:00:00,37.23,37.95,36.3,36.33
2026-07-29 20:00:00,36.34,36.6,33.99,34.39
2026-07-30 00:00:00,34.42,36.83,33.95,36.63
2026-07-30 04:00:00,36.64,38.56,36.47,38.23
2026-07-30 08:00:00,38.23,38.72,37.62,38.58
2026-07-30 12:00:00,38.57,39.16,37.52,37.78
2026-07-30 16:00:00,37.77,38.14,36.62,37.49
2026-07-30 20:00:00,37.49,39.31,37.1,38.85
2026-07-31 00:00:00,38.85,39.44,37.98,37.99
2026-07-31 04:00:00,38.0,40.01,37.53,37.63
2026-07-31 08:00:00,37.65,38.63,36.49,37.04
2026-07-31 12:00:00,37.05,38.55,36.02,37.75
2026-07-31 16:00:00,37.76,40.06,37.63,39.49
2026-07-31 20:00:00,39.47,39.61,37.28,37.4
2026-08-01 00:00:00,37.4,37.67,36.33,37.28
2026-08-01 04:00:00,37.29,38.62,36.58,38.24
2026-08-01 08:00:00,38.24,39.11,37.87,38.47
2026-08-01 12:00:00,38.47,39.99,38.09,38.8
2026-08-01 16:00:00,38.77,40.43,38.54,40.27
2026-08-01 20:00:00,40.25,43.65,40.23,42.99
2026-08-02 00:00:00,43.0,43.64,42.23,43.37
2026-08-02 04:00:00,43.38,44.35,41.49,41.97
2026-08-02 08:00:00,41.97,42.22,39.94,39.94
2026-08-02 12:00:00,39.96,40.2,38.1,38.29
2026-08-02 16:00:00,38.29,39.03,37.78,38.25
2026-08-02 20:00:00,38.24,40.07,37.49,39.55
2026-08-03 00:00:00,39.55,40.92,39.06,39.74
2026-08-03 04:00:00,39.74,40.14,37.87,38.28
2026-08-03 08:00:00,38.29,38.71,37.31,38.01
2026-08-03 12:00:00,38.01,38.59,37.18,37.85
2026-08-03 16:00:00,37.85,38.35,36.86,37.14
2026-08-03 20:00:00,37.14,37.24,35.48,35.77
2026-08-04 00:00:00,35.77,36.47,34.76,35.3
2026-08-04 04:00:00,35.29,35.56,34.28,34.95
2026-08-04 08:00:00,34.96,36.5,34.59,35.36
2026-08-04 12:00:00,35.37,36.29,34.77,34.87
2026-08-04 16:00:00,34.86,36.53,34.65,36.5
2026-08-04 20:00:00,36.49,37.98,36.2,36.95
2026-08-05 00:00:00,36.95,37.21,34.82,35.72
2026-08-05 04:00:00,35.74,36.14,34.44,34.71
2026-08-05 08:00:00,34.7,35.59,34.14,34.96
2026-08-05 12:00:00,34.96,35.02,33.13,33.24
2026-08-05 16:00:00,33.25,33.41,31.4,31.65
2026-08-05 20:00:00,31.65,32.69,31.28,32.36
2026-08-06 00:00:00,32.37,32.46,29.86,30.03
2026-08-06 04:00:00,30.04,30.76,29.76,30.34
2026-08-06 08:00:00,30.34,30.45,28.71,29.81
2026-08-06 12:00:00,29.81,30.66,29.39,29.81
2026-08-06 16:00:00,29.79,29.97,28.34,29.05
2026-08-06 20:00:00,29.05,30.27,28.59,29.98
2026-08-07 00:00:00,29.97,30.05,28.71,29.27
2026-08-07 04:00:00,29.26,29.84,28.96,29.16
2026-08-07 08:00:00,29.15,30.49,29.05,29.88
2026-08-07 12:00:00,29.88,30.48,29.47,30.14
2026-08-07 16:00:00,30.14,31.22,30.13,30.45
2026-08-07 20:00:00,30.45,30.88,29.23,29.63
2026-08-08 00:00:00,29.62,30.19,29.15,29.85
2026-08-08 04:00:00,29.85,30.12,28.7,28.88
2026-08-08 08:00:00,28.9,29.01,27.74,28.71
2026-08-08 12:00:00,28.7,28.75,26.92,27.44
2026-08-08 16:00:00,27.44,27.74,26.74,27.23
2026-08-08 20:00:00,27.23,27.93,27.0,27.42
2026-08-09 00:00:00,27.42,27.59,26.32,26.56
2026-08-09 04:00:00,26.56,28.0,26.37,27.26
2026-08-09 08:00:00,27.26,28.26,27.15,27.68
2026-08-09 12:00:00,27.67,28.04,26.59,27.02
2026-08-09 16:00:00,27.01,27.66,26.89,27.27
2026-08-09 20:00:00,27.27,29.28,27.16,29.18
2026-08-10 00:00:00,29.18,30.36,28.78,30.04
2026-08-10 04:00:00,30.05,30.75,29.44,30.04
2026-08-10 08:00:00,30.05,30.75,29.6,30.0
2026-08-10 12:00:00,30.0,31.03,29.71,30.6
2026-08-10 16:00:00,30.61,30.7,29.25,29.48
2026-08-10 20:00:00,29.47,30.07,28.55,29.97
2026-08-11 00:00:00,29.97,30.3,28.67,28.89
2026-08-11 04:00:00,28.9,29.13,27.57,27.63
2026-08-11 08:00:00,27.64,29.5,27.43,29.05
2026-08-11 12:00:00,29.05,29.76,28.45,29.49
2026-08-11 16:00:00,29.48,29.82,28.4,29.01
2026-08-11 20:00:00,29.01,29.02,27.75,27.95
2026-08-12 00:00:00,27.94,28.87,27.9,28.69
2026-08-12 04:00:00,28.67,29.35,28.32,29.35
2026-08-12 08:00:00,29.35,29.7,28.02,28.46
2026-08-12 12:00:00,28.45,28.6,27.43,28.06
2026-08-12 16:00:00,28.05,28.09,26.92,27.33
2026-08-12 20:00:00,27.34,27.59,26.59,27.07
2026-08-13 00:00:00,27.08,28.21,26.94,28.21
2026-08-13 04:00:00,28.21,28.4,27.28,27.35
2026-08-13 08:00:00,27.36,28.1,27.17,27.99
2026-08-13 12:00:00,27.99,29.0,27.84,27.87
2026-08-13 16:00:00,27.88,28.2,26.85,26.94
2026-08-13 20:00:00,26.93,26.95,25.48,26.13
2026-08-14 00:00:00,26.14,27.15,25.74,26.92
2026-08-14 04:00:00,26.91,28.6,26.9,28.56
2026-08-14 08:00:00,28.56,29.82,28.52,28.88
2026-08-14 12:00:00,28.87,29.51,28.45,29.5
2026-08-14 16:00:00,29.5,29.92,28.92,29.16
2026-08-14 20:00:00,29.16,29.79,28.6,29.31
2026-08-15 00:00:00,29.3,30.98,29.09,30.16
2026-08-15 04:00:00,30.15,30.78,29.8,29.87
2026-08-15 08:00:00,29.87,30.18,28.8,29.45
2026-08-15 12:00:00,29.44,29.58,28.34,28.47
2026-08-15 16:00:00,28.47,29.2,27.52,27.94
2026-08-15 20:00:00,27.93,28.53,26.83,28.52
2026-08-16 00:00:00,28.52,28.56,27.4,28.08
2026-08-16 04:00:00,28.08,28.91,27.94,28.87
2026-08-16 08:00:00,28.87,29.57,28.23,28.58
2026-08-16 12:00:00,28.58,29.38,28.31,29.17
2026-08-16 16:00:00,29.18,29.75,28.83,29.18
2026-08-16 20:00:00,29.19,29.34,28.15,28.86
2026-08-17 00:00:00,28.86,29.25,27.66,27.96
2026-08-17 04:00:00,27.96,28.3,27.42,27.55
2026-08-17 08:00:00,27.56,27.84,26.74,27.21
2026-08-17 12:00:00,27.22,28.18,26.64,28.14
2026-08-17 16:00:00,28.15,29.2,27.96,28.25
2026-08-17 20:00:00,28.25,30.43,28.25,30.08
2026-08-18 00:00:00,30.07,30.37,29.18,29.47
2026-08-18 04:00:00,29.47,30.25,29.13,29.68
2026-08-18 08:00:00,29.67,30.24,28.79,29.4
2026-08-18 12:00:00,29.4,30.04,28.22,28.61
2026-08-18 16:00:00,28.61,29.9,28.31,29.75
2026-08-18 20:00:00,29.74,29.88,28.57,28.71
2026-08-19 00:00:00,28.72,29.2,28.42,28.66
2026-08-19 04:00:00,28.65,29.4,28.3,28.87
2026-08-19 08:00:00,28.86,29.38,27.71,29.34
2026-08-19 12:00:00,29.34,29.81,29.04,29.3
2026-08-19 16:00:00,29.3,29.37,27.55,27.6
2026-08-19 20:00:00,27.58,28.67,27.45,28.6
2026-08-20 00:00:00,28.6,29.98,27.87,29.76
2026-08-20 04:00:00,29.76,30.08,28.75,28.89
2026-08-20 08:00:00,28.89,30.72,28.74,30.42
2026-08-20 12:00:00,30.43,30.49,28.86,28.86
2026-08-20 16:00:00,28.86,30.18,28.51,29.75
2026-08-20 20:00:00,29.75,30.13,29.06,29.11
2026-08-21 00:00:00,29.11,29.12,27.23,27.51
2026-08-21 04:00:00,27.51,28.36,27.19,27.64
2026-08-21 08:00:00,27.65,28.39,27.19,27.81
2026-08-21 12:00:00,27.8,28.31,27.16,27.63
2026-08-21 16:00:00,27.64,28.81,27.55,28.27
2026-08-21 20:00:00,28.28,29.28,28.14,28.26
2026-08-22 00:00:00,28.26,28.76,27.46,28.2
2026-08-22 04:00:00,28.21,28.93,27.63,28.13
2026-08-22 08:00:00,28.14,29.16,27.88,28.65
2026-08-22 12:00:00,28.64,30.35,28.47,30.23
2026-08-22 16:00:00,30.23,30.28,28.98,29.53
2026-08-22 20:00:00,29.54,30.82,29.37,30.0
2026-08-23 00:00:00,29.99,30.5,28.91,29.15
2026-08-23 04:00:00,29.14,29.57,28.4,28.5
2026-08-23 08:00:00,28.5,29.3,28.18,28.85
2026-08-23 12:00:00,28.86,29.76,28.42,28.91
2026-08-23 16:00:00,28.91,29.23,28.0,28.36
2026-08-23 20:00:00,28.36,28.39,27.09,28.16
2026-08-24 00:00:00,28.16,28.4,26.94,27.18
2026-08-24 04:00:00,27.17,28.1,26.81,26.85
2026-08-24 08:00:00,26.85,27.84,26.63,26.85
2026-08-24 12:00:00,26.85,27.46,26.34,27.07
2026-08-24 16:00:00,27.06,28.09,26.67,27.93
2026-08-24 20:00:00,27.92,28.62,27.38,28.57
2026-08-25 00:00:00,28.56,28.78,27.63,28.38
2026-08-25 04:00:00,28.38,28.43,26.75,27.07
2026-08-25 08:00:00,27.08,27.74,26.54,27.45
2026-08-25 12:00:00,27.45,28.2,27.06,28.18
2026-08-25 16:00:00,28.16,29.01,27.83,28.41
2026-08-25 20:00:00,28.41,29.54,28.13,29.06
2026-08-26 00:00:00,29.06,30.17,28.87,29.89
2026-08-26 04:00:00,29.9,30.36,29.27,29.5
2026-08-26 08:00:00,29.5,29.54,28.6,28.95
2026-08-26 12:00:00,28.96,30.63,28.89,30.4
2026-08-26 16:00:00,30.4,30.6,29.5,30.29
2026-08-26 20:00:00,30.3,31.42,30.25,30.8
2026-08-27 00:00:00,30.8,31.37,30.27,30.61
2026-08-27 04:00:00,30.61,32.47,30.59,32.38
2026-08-27 08:00:00,32.39,32.46,31.44,31.77
2026-08-27 12:00:00,31.77,32.21,31.07,31.44
2026-08-27 16:00:00,31.44,31.8,30.64,31.63
2026-08-27 20:00:00,31.64,31.8,29.59,29.98
2026-08-28 00:00:00,29.99,30.44,28.67,28.81
2026-08-28 04:00:00,28.82,29.75,28.29,29.64
2026-08-28 08:00:00,29.65,29.73,28.58,28.78
2026-08-28 12:00:00,28.78,29.8,28.27,29.04
2026-08-28 16:00:00,29.03,31.03,28.72,28.79
2026-08-28 20:00:00,28.79,29.04,27.93,28.33
2026-08-29 00:00:00,28.34,29.0,27.9,28.6
2026-08-29 04:00:00,28.59,29.15,28.28,28.85
2026-08-29 08:00:00,28.83,30.01,28.37,29.31
2026-08-29 12:00:00,29.3,30.72,29.14,30.67
2026-08-29 16:00:00,30.67,30.77,29.11,29.29
2026-08-29 20:00:00,29.28,29.67,28.77,29.07
2026-08-30 00:00:00,29.07,30.92,28.93,30.16
2026-08-30 04:00:00,30.17,30.88,29.85,30.33
2026-08-30 08:00:00,30.33,31.02,29.87,30.23
2026-08-30 12:00:00,30.24,31.22,30.21,30.77
2026-08-30 16:00:00,30.77,32.15,30.55,31.97
2026-08-30 20:00:00,31.98,36.57,31.91,36.5
2026-08-31 00:00:00,36.5,36.87,35.54,36.23
2026-08-31 04:00:00,36.22,37.31,35.75,36.19
2026-08-31 08:00:00,36.2,37.39,36.08,36.86
2026-08-31 12:00:00,36.85,38.13,36.19,36.28
2026-08-31 16:00:00,36.27,37.05,35.58,36.14
2026-08-31 20:00:00,36.13,36.27,34.99,35.44
2026-09-01 00:00:00,35.43,36.78,35.12,36.73
2026-09-01 04:00:00,36.73,36.94,34.66,34.89
2026-09-01 08:00:00,34.89,35.13,33.0,33.65
2026-09-01 12:00:00,33.64,34.16,32.56,33.48
2026-09-01 16:00:00,33.5,35.0,33.41,34.61
2026-09-01 20:00:00,34.6,35.79,34.06,34.23
2026-09-02 00:00:00,34.23,34.99,33.5,34.16
2026-09-02 04:00:00,34.16,35.01,33.09,33.78
2026-09-02 08:00:00,33.8,34.78,32.89,34.77
2026-09-02 12:00:00,34.77,34.81,33.59,34.39
2026-09-02 16:00:00,34.38,35.58,34.17,35.33
2026-09-02 20:00:00,35.33,36.38,35.16,35.41
2026-09-03 00:00:00,35.4,35.82,34.18,35.27
2026-09-03 04:00:00,35.28,36.58,35.04,36.2
2026-09-03 08:00:00,36.2,37.47,36.11,36.76
2026-09-03 12:00:00,36.76,37.45,35.87,36.71
2026-09-03 16:00:00,36.69,37.06,34.86,35.66
2026-09-03 20:00:00,35.66,36.26,34.57,35.64
2026-09-04 00:00:00,35.65,36.63,35.02,36.15
2026-09-04 04:00:00,36.15,37.0,35.91,36.91
2026-09-04 08:00:00,36.91,37.4,36.41,36.61
2026-09-04 12:00:00,36.62,37.09,35.44,35.88
2026-09-04 16:00:00,35.88,35.93,32.41,32.49
2026-09-04 20:00:00,32.48,34.18,32.05,33.43
2026-09-05 00:00:00,33.43,35.07,33.38,35.04
2026-09-05 04:00:00,35.03,36.45,34.63,36.4
2026-09-05 08:00:00,36.4,37.21,35.83,36.54
2026-09-05 12:00:00,36.54,38.03,36.15,37.94
2026-09-05 16:00:00,37.95,38.27,35.24,35.66
2026-09-05 20:00:00,35.66,35.74,34.54,34.8
2026-09-06 00:00:00,34.8,35.38,33.88,34.52
2026-09-06 04:00:00,34.51,35.1,33.77,34.18
2026-09-06 08:00:00,34.19,35.3,34.17,35.08
2026-09-06 12:00:00,35.07,37.47,34.61,36.94
2026-09-06 16:00:00,36.92,37.09,35.75,36.05
2026-09-06 20:00:00,36.06,36.45,34.89,34.91
2026-09-07 00:00:00,34.9,35.7,34.33,34.98
2026-09-07 04:00:00,34.98,35.05,33.46,33.98
2026-09-07 08:00:00,33.99,35.56,33.52,35.31
2026-09-07 12:00:00,35.31,37.13,35.23,36.46
2026-09-07 16:00:00,36.48,38.34,35.89,38.24
2026-09-07 20:00:00,38.25,38.93,37.13,38.2
2026-09-08 00:00:00,38.19,39.79,37.04,37.3
2026-09-08 04:00:00,37.28,38.9,37.14,38.15
2026-09-08 08:00:00,38.16,38.8,35.95,36.36
2026-09-08 12:00:00,36.38,38.35,35.5,38.31
2026-09-08 16:00:00,38.32,39.96,38.21,39.21
2026-09-08 20:00:00,39.19,40.17,38.73,39.18
2026-09-09 00:00:00,39.2,41.13,38.8,39.44
2026-09-09 04:00:00,39.45,40.3,38.32,40.06
2026-09-09 08:00:00,40.05,41.53,39.04,40.68
2026-09-09 12:00:00,40.68,41.73,39.53,40.02
2026-09-09 16:00:00,40.02,41.54,39.67,41.4
2026-09-09 20:00:00,41.4,41.74,39.89,40.76
2026-09-10 00:00:00,40.76,40.79,38.91,38.92
2026-09-10 04:00:00,38.94,39.44,37.61,37.98
2026-09-10 08:00:00,37.98,39.44,37.75,38.67
2026-09-10 12:00:00,38.66,39.43,38.22,39.07
2026-09-10 16:00:00,39.08,40.59,38.61,40.59
2026-09-10 20:00:00,40.6,41.0,39.37,39.85
2026-09-11 00:00:00,39.84,40.24,39.02,39.36
2026-09-11 04:00:00,39.34,39.8,37.07,37.96
2026-09-11 08:00:00,37.97,39.08,37.4,38.95
2026-09-11 12:00:00,38.95,39.43,37.69,37.73
2026-09-11 16:00:00,37.73,39.26,37.72,39.19
2026-09-11 20:00:00,39.19,40.71,39.04,40.49
2026-09-12 00:00:00,40.5,42.75,40.49,42.33
2026-09-12 04:00:00,42.35,44.02,41.91,43.78
2026-09-12 08:00:00,43.77,44.35,42.95,43.63
2026-09-12 12:00:00,43.65,46.41,43.15,44.82
2026-09-12 16:00:00,44.81,46.88,44.27,46.01
2026-09-12 20:00:00,46.01,48.67,45.4,48.51
2026-09-13 00:00:00,48.52,49.78,47.66,48.28
2026-09-13 04:00:00,48.27,48.7,46.01,48.29
2026-09-13 08:00:00,48.3,49.19,46.51,46.57
2026-09-13 12:00:00,46.57,48.73,46.42,47.65
2026-09-13 16:00:00,47.63,47.83,45.65,47.17
2026-09-13 20:00:00,47.19,47.19,44.17,44.34
2026-09-14 00:00:00,44.33,44.58,40.12,40.14
2026-09-14 04:00:00,40.14,40.39,38.77,40.32
2026-09-14 08:00:00,40.35,40.39,39.02,40.17
2026-09-14 12:00:00,40.17,40.95,39.13,40.18
2026-09-14 16:00:00,40.19,40.57,39.12,39.69
2026-09-14 20:00:00,39.68,40.06,39.12,40.0
2026-09-15 00:00:00,39.99,41.61,39.74,40.33
2026-09-15 04:00:00,40.31,40.94,39.68,40.65
2026-09-15 08:00:00,40.67,41.0,39.65,39.93
2026-09-15 12:00:00,39.91,40.61,39.34,40.32
2026-09-15 16:00:00,40.32,41.16,39.52,41.04
2026-09-15 20:00:00,41.03,41.13,39.67,39.95
2026-09-16 00:00:00,39.95,40.42,38.79,39.42
2026-09-16 04:00:00,39.41,39.95,37.35,37.58
2026-09-16 08:00:00,37.6,38.01,35.45,35.62
2026-09-16 12:00:00,35.62,35.68,34.73,34.94
2026-09-16 16:00:00,34.93,36.72,34.7,36.45
2026-09-16 20:00:00,36.45,37.54,35.93,36.17
2026-09-17 00:00:00,36.19,37.68,35.72,37.31
2026-09-17 04:00:00,37.31,37.78,35.23,35.38
2026-09-17 08:00:00,35.38,36.09,34.55,34.72
2026-09-17 12:00:00,34.72,35.18,33.15,33.31
2026-09-17 16:00:00,33.31,33.44,32.05,32.46
2026-09-17 20:00:00,32.46,36.04,32.37,35.95
2026-09-18 00:00:00,35.95,36.32,35.15,36.01
2026-09-18 04:00:00,36.02,36.68,35.33,35.81
2026-09-18 08:00:00,35.79,36.83,35.41,36.56
